﻿{"data":[{"Properties":{"domain":"RELIA.COM","name":"WMIPOLICY@RELIA.COM","distinguishedname":"CN=WMIPOLICY,CN=SYSTEM,DC=RELIA,DC=COM","domainsid":"S-1-5-21-3972710054-930304531-4277621697","highvalue":false},"ChildObjects":[],"Aces":[{"PrincipalSID":"S-1-5-21-3972710054-930304531-4277621697-512","PrincipalType":"Group","RightName":"Owns","IsInherited":false},{"PrincipalSID":"S-1-5-21-3972710054-930304531-4277621697-512","PrincipalType":"Group","RightName":"GenericAll","IsInherited":false},{"PrincipalSID":"S-1-5-21-3972710054-930304531-4277621697-519","PrincipalType":"Group","RightName":"GenericAll","IsInherited":false}],"ObjectIdentifier":"EB3AF44B-EB35-425C-9118-1D3B439EBCC3","IsDeleted":false,"IsACLProtected":true},{"Properties":{"domain":"RELIA.COM","name":"POLICYTEMPLATE@RELIA.COM","distinguishedname":"CN=POLICYTEMPLATE,CN=WMIPOLICY,CN=SYSTEM,DC=RELIA,DC=COM","domainsid":"S-1-5-21-3972710054-930304531-4277621697","highvalue":false},"ChildObjects":[],"Aces":[{"PrincipalSID":"S-1-5-21-3972710054-930304531-4277621697-512","PrincipalType":"Group","RightName":"Owns","IsInherited":false},{"PrincipalSID":"S-1-5-21-3972710054-930304531-4277621697-512","PrincipalType":"Group","RightName":"WriteDacl","IsInherited":false},{"PrincipalSID":"S-1-5-21-3972710054-930304531-4277621697-512","PrincipalType":"Group","RightName":"WriteOwner","IsInherited":false},{"PrincipalSID":"S-1-5-21-3972710054-930304531-4277621697-519","PrincipalType":"Group","RightName":"GenericAll","IsInherited":true},{"PrincipalSID":"S-1-5-21-3972710054-930304531-4277621697-512","PrincipalType":"Group","RightName":"GenericAll","IsInherited":true}],"ObjectIdentifier":"E743B850-54DD-4DBE-98FF-F26F166F79A6","IsDeleted":false,"IsACLProtected":false},{"Properties":{"domain":"RELIA.COM","name":"POLICYTYPE@RELIA.COM","distinguishedname":"CN=POLICYTYPE,CN=WMIPOLICY,CN=SYSTEM,DC=RELIA,DC=COM","domainsid":"S-1-5-21-3972710054-930304531-4277621697","highvalue":false},"ChildObjects":[],"Aces":[{"PrincipalSID":"S-1-5-21-3972710054-930304531-4277621697-512","PrincipalType":"Group","RightName":"Owns","IsInherited":false},{"PrincipalSID":"S-1-5-21-3972710054-930304531-4277621697-512","PrincipalType":"Group","RightName":"WriteDacl","IsInherited":false},{"PrincipalSID":"S-1-5-21-3972710054-930304531-4277621697-512","PrincipalType":"Group","RightName":"WriteOwner","IsInherited":false},{"PrincipalSID":"S-1-5-21-3972710054-930304531-4277621697-519","PrincipalType":"Group","RightName":"GenericAll","IsInherited":true},{"PrincipalSID":"S-1-5-21-3972710054-930304531-4277621697-512","PrincipalType":"Group","RightName":"GenericAll","IsInherited":true}],"ObjectIdentifier":"F01375A5-F952-49B7-9B30-43CF12EF4407","IsDeleted":false,"IsACLProtected":false},{"Properties":{"domain":"RELIA.COM","name":"ADMINSDHOLDER@RELIA.COM","distinguishedname":"CN=ADMINSDHOLDER,CN=SYSTEM,DC=RELIA,DC=COM","domainsid":"S-1-5-21-3972710054-930304531-4277621697","highvalue":false},"ChildObjects":[],"Aces":[{"PrincipalSID":"S-1-5-21-3972710054-930304531-4277621697-512","PrincipalType":"Group","RightName":"Owns","IsInherited":false},{"PrincipalSID":"RELIA.COM-S-1-5-32-544","PrincipalType":"Group","RightName":"WriteDacl","IsInherited":false},{"PrincipalSID":"RELIA.COM-S-1-5-32-544","PrincipalType":"Group","RightName":"WriteOwner","IsInherited":false},{"PrincipalSID":"S-1-5-21-3972710054-930304531-4277621697-512","PrincipalType":"Group","RightName":"WriteDacl","IsInherited":false},{"PrincipalSID":"S-1-5-21-3972710054-930304531-4277621697-512","PrincipalType":"Group","RightName":"WriteOwner","IsInherited":false},{"PrincipalSID":"S-1-5-21-3972710054-930304531-4277621697-519","PrincipalType":"Group","RightName":"WriteDacl","IsInherited":false},{"PrincipalSID":"S-1-5-21-3972710054-930304531-4277621697-519","PrincipalType":"Group","RightName":"WriteOwner","IsInherited":false}],"ObjectIdentifier":"463CDA8E-2E0D-4AB7-B947-110D38B65B9D","IsDeleted":false,"IsACLProtected":true},{"Properties":{"domain":"RELIA.COM","name":"SOM@RELIA.COM","distinguishedname":"CN=SOM,CN=WMIPOLICY,CN=SYSTEM,DC=RELIA,DC=COM","domainsid":"S-1-5-21-3972710054-930304531-4277621697","highvalue":false},"ChildObjects":[],"Aces":[{"PrincipalSID":"S-1-5-21-3972710054-930304531-4277621697-512","PrincipalType":"Group","RightName":"Owns","IsInherited":false},{"PrincipalSID":"S-1-5-21-3972710054-930304531-4277621697-512","PrincipalType":"Group","RightName":"GenericAll","IsInherited":false},{"PrincipalSID":"S-1-5-21-3972710054-930304531-4277621697-519","PrincipalType":"Group","RightName":"GenericAll","IsInherited":false}],"ObjectIdentifier":"16F4AF23-27E4-4960-B9B8-06357E6C8019","IsDeleted":false,"IsACLProtected":true},{"Properties":{"domain":"RELIA.COM","name":"SYSTEM@RELIA.COM","distinguishedname":"CN=SYSTEM,DC=RELIA,DC=COM","domainsid":"S-1-5-21-3972710054-930304531-4277621697","highvalue":false},"ChildObjects":[],"Aces":[{"PrincipalSID":"S-1-5-21-3972710054-930304531-4277621697-512","PrincipalType":"Group","RightName":"Owns","IsInherited":false},{"PrincipalSID":"S-1-5-21-3972710054-930304531-4277621697-512","PrincipalType":"Group","RightName":"WriteDacl","IsInherited":false},{"PrincipalSID":"S-1-5-21-3972710054-930304531-4277621697-512","PrincipalType":"Group","RightName":"WriteOwner","IsInherited":false},{"PrincipalSID":"S-1-5-21-3972710054-930304531-4277621697-519","PrincipalType":"Group","RightName":"GenericAll","IsInherited":true},{"PrincipalSID":"RELIA.COM-S-1-5-32-544","PrincipalType":"Group","RightName":"WriteDacl","IsInherited":true},{"PrincipalSID":"RELIA.COM-S-1-5-32-544","PrincipalType":"Group","RightName":"WriteOwner","IsInherited":true}],"ObjectIdentifier":"B721AD4F-AC55-4BBF-B4C7-87DB7F7A7D52","IsDeleted":false,"IsACLProtected":false},{"Properties":{"domain":"RELIA.COM","name":"MICROSOFT@RELIA.COM","distinguishedname":"CN=MICROSOFT,CN=PROGRAM DATA,DC=RELIA,DC=COM","domainsid":"S-1-5-21-3972710054-930304531-4277621697","highvalue":false},"ChildObjects":[],"Aces":[{"PrincipalSID":"S-1-5-21-3972710054-930304531-4277621697-512","PrincipalType":"Group","RightName":"Owns","IsInherited":false},{"PrincipalSID":"S-1-5-21-3972710054-930304531-4277621697-512","PrincipalType":"Group","RightName":"GenericAll","IsInherited":false},{"PrincipalSID":"S-1-5-21-3972710054-930304531-4277621697-519","PrincipalType":"Group","RightName":"GenericAll","IsInherited":true},{"PrincipalSID":"RELIA.COM-S-1-5-32-544","PrincipalType":"Group","RightName":"WriteDacl","IsInherited":true},{"PrincipalSID":"RELIA.COM-S-1-5-32-544","PrincipalType":"Group","RightName":"WriteOwner","IsInherited":true}],"ObjectIdentifier":"400C1998-63A1-46F1-9A4A-F2E7A23739D0","IsDeleted":false,"IsACLProtected":false},{"Properties":{"domain":"RELIA.COM","name":"FOREIGNSECURITYPRINCIPALS@RELIA.COM","distinguishedname":"CN=FOREIGNSECURITYPRINCIPALS,DC=RELIA,DC=COM","domainsid":"S-1-5-21-3972710054-930304531-4277621697","highvalue":false},"ChildObjects":[],"Aces":[{"PrincipalSID":"S-1-5-21-3972710054-930304531-4277621697-512","PrincipalType":"Group","RightName":"Owns","IsInherited":false},{"PrincipalSID":"S-1-5-21-3972710054-930304531-4277621697-512","PrincipalType":"Group","RightName":"GenericAll","IsInherited":false},{"PrincipalSID":"S-1-5-21-3972710054-930304531-4277621697-519","PrincipalType":"Group","RightName":"GenericAll","IsInherited":true},{"PrincipalSID":"RELIA.COM-S-1-5-32-544","PrincipalType":"Group","RightName":"WriteDacl","IsInherited":true},{"PrincipalSID":"RELIA.COM-S-1-5-32-544","PrincipalType":"Group","RightName":"WriteOwner","IsInherited":true}],"ObjectIdentifier":"F5DA6A40-B4CF-422F-BDF2-476747DC1648","IsDeleted":false,"IsACLProtected":false},{"Properties":{"domain":"RELIA.COM","name":"MEETINGS@RELIA.COM","distinguishedname":"CN=MEETINGS,CN=SYSTEM,DC=RELIA,DC=COM","domainsid":"S-1-5-21-3972710054-930304531-4277621697","highvalue":false},"ChildObjects":[],"Aces":[{"PrincipalSID":"S-1-5-21-3972710054-930304531-4277621697-512","PrincipalType":"Group","RightName":"Owns","IsInherited":false},{"PrincipalSID":"S-1-5-21-3972710054-930304531-4277621697-512","PrincipalType":"Group","RightName":"WriteDacl","IsInherited":false},{"PrincipalSID":"S-1-5-21-3972710054-930304531-4277621697-512","PrincipalType":"Group","RightName":"WriteOwner","IsInherited":false},{"PrincipalSID":"S-1-5-21-3972710054-930304531-4277621697-519","PrincipalType":"Group","RightName":"GenericAll","IsInherited":true},{"PrincipalSID":"RELIA.COM-S-1-5-32-544","PrincipalType":"Group","RightName":"WriteDacl","IsInherited":true},{"PrincipalSID":"RELIA.COM-S-1-5-32-544","PrincipalType":"Group","RightName":"WriteOwner","IsInherited":true}],"ObjectIdentifier":"E8BAEB1B-70C1-4D4C-8C3E-1FF86AAA3213","IsDeleted":false,"IsACLProtected":false},{"Properties":{"domain":"RELIA.COM","name":"PROGRAM DATA@RELIA.COM","distinguishedname":"CN=PROGRAM DATA,DC=RELIA,DC=COM","domainsid":"S-1-5-21-3972710054-930304531-4277621697","highvalue":false},"ChildObjects":[],"Aces":[{"PrincipalSID":"S-1-5-21-3972710054-930304531-4277621697-512","PrincipalType":"Group","RightName":"Owns","IsInherited":false},{"PrincipalSID":"S-1-5-21-3972710054-930304531-4277621697-512","PrincipalType":"Group","RightName":"GenericAll","IsInherited":false},{"PrincipalSID":"S-1-5-21-3972710054-930304531-4277621697-519","PrincipalType":"Group","RightName":"GenericAll","IsInherited":true},{"PrincipalSID":"RELIA.COM-S-1-5-32-544","PrincipalType":"Group","RightName":"WriteDacl","IsInherited":true},{"PrincipalSID":"RELIA.COM-S-1-5-32-544","PrincipalType":"Group","RightName":"WriteOwner","IsInherited":true}],"ObjectIdentifier":"ED172243-8282-4F88-BC09-0FE5288D44EC","IsDeleted":false,"IsACLProtected":false},{"Properties":{"domain":"RELIA.COM","name":"MANAGED SERVICE ACCOUNTS@RELIA.COM","distinguishedname":"CN=MANAGED SERVICE ACCOUNTS,DC=RELIA,DC=COM","domainsid":"S-1-5-21-3972710054-930304531-4277621697","highvalue":false},"ChildObjects":[],"Aces":[{"PrincipalSID":"S-1-5-21-3972710054-930304531-4277621697-512","PrincipalType":"Group","RightName":"Owns","IsInherited":false},{"PrincipalSID":"S-1-5-21-3972710054-930304531-4277621697-512","PrincipalType":"Group","RightName":"WriteDacl","IsInherited":false},{"PrincipalSID":"S-1-5-21-3972710054-930304531-4277621697-512","PrincipalType":"Group","RightName":"WriteOwner","IsInherited":false},{"PrincipalSID":"S-1-5-21-3972710054-930304531-4277621697-519","PrincipalType":"Group","RightName":"GenericAll","IsInherited":true},{"PrincipalSID":"RELIA.COM-S-1-5-32-544","PrincipalType":"Group","RightName":"WriteDacl","IsInherited":true},{"PrincipalSID":"RELIA.COM-S-1-5-32-544","PrincipalType":"Group","RightName":"WriteOwner","IsInherited":true}],"ObjectIdentifier":"66F585C1-6044-491A-95F4-87972C9F9535","IsDeleted":false,"IsACLProtected":false},{"Properties":{"domain":"RELIA.COM","name":"WINSOCKSERVICES@RELIA.COM","distinguishedname":"CN=WINSOCKSERVICES,CN=SYSTEM,DC=RELIA,DC=COM","domainsid":"S-1-5-21-3972710054-930304531-4277621697","highvalue":false},"ChildObjects":[],"Aces":[{"PrincipalSID":"S-1-5-21-3972710054-930304531-4277621697-512","PrincipalType":"Group","RightName":"Owns","IsInherited":false},{"PrincipalSID":"S-1-5-21-3972710054-930304531-4277621697-512","PrincipalType":"Group","RightName":"WriteDacl","IsInherited":false},{"PrincipalSID":"S-1-5-21-3972710054-930304531-4277621697-512","PrincipalType":"Group","RightName":"WriteOwner","IsInherited":false},{"PrincipalSID":"S-1-5-21-3972710054-930304531-4277621697-519","PrincipalType":"Group","RightName":"GenericAll","IsInherited":true},{"PrincipalSID":"RELIA.COM-S-1-5-32-544","PrincipalType":"Group","RightName":"WriteDacl","IsInherited":true},{"PrincipalSID":"RELIA.COM-S-1-5-32-544","PrincipalType":"Group","RightName":"WriteOwner","IsInherited":true}],"ObjectIdentifier":"5C4C115D-807A-4DCA-85EF-F33A5272FC83","IsDeleted":false,"IsACLProtected":false},{"Properties":{"domain":"RELIA.COM","name":"RPCSERVICES@RELIA.COM","distinguishedname":"CN=RPCSERVICES,CN=SYSTEM,DC=RELIA,DC=COM","domainsid":"S-1-5-21-3972710054-930304531-4277621697","highvalue":false},"ChildObjects":[],"Aces":[{"PrincipalSID":"S-1-5-21-3972710054-930304531-4277621697-512","PrincipalType":"Group","RightName":"Owns","IsInherited":false},{"PrincipalSID":"S-1-5-21-3972710054-930304531-4277621697-512","PrincipalType":"Group","RightName":"WriteDacl","IsInherited":false},{"PrincipalSID":"S-1-5-21-3972710054-930304531-4277621697-512","PrincipalType":"Group","RightName":"WriteOwner","IsInherited":false},{"PrincipalSID":"S-1-5-21-3972710054-930304531-4277621697-519","PrincipalType":"Group","RightName":"GenericAll","IsInherited":true},{"PrincipalSID":"RELIA.COM-S-1-5-32-544","PrincipalType":"Group","RightName":"WriteDacl","IsInherited":true},{"PrincipalSID":"RELIA.COM-S-1-5-32-544","PrincipalType":"Group","RightName":"WriteOwner","IsInherited":true}],"ObjectIdentifier":"A0B32A47-C6B3-4758-B5C0-2245AB02F77B","IsDeleted":false,"IsACLProtected":false},{"Properties":{"domain":"RELIA.COM","name":"WMIGPO@RELIA.COM","distinguishedname":"CN=WMIGPO,CN=WMIPOLICY,CN=SYSTEM,DC=RELIA,DC=COM","domainsid":"S-1-5-21-3972710054-930304531-4277621697","highvalue":false},"ChildObjects":[],"Aces":[{"PrincipalSID":"S-1-5-21-3972710054-930304531-4277621697-512","PrincipalType":"Group","RightName":"Owns","IsInherited":false},{"PrincipalSID":"S-1-5-21-3972710054-930304531-4277621697-512","PrincipalType":"Group","RightName":"WriteDacl","IsInherited":false},{"PrincipalSID":"S-1-5-21-3972710054-930304531-4277621697-512","PrincipalType":"Group","RightName":"WriteOwner","IsInherited":false},{"PrincipalSID":"S-1-5-21-3972710054-930304531-4277621697-519","PrincipalType":"Group","RightName":"GenericAll","IsInherited":true},{"PrincipalSID":"S-1-5-21-3972710054-930304531-4277621697-512","PrincipalType":"Group","RightName":"GenericAll","IsInherited":true}],"ObjectIdentifier":"48B61A16-740C-4D43-BF80-7C15B60BBC3E","IsDeleted":false,"IsACLProtected":false},{"Properties":{"domain":"RELIA.COM","name":"RAS AND IAS SERVERS ACCESS CHECK@RELIA.COM","distinguishedname":"CN=RAS AND IAS SERVERS ACCESS CHECK,CN=SYSTEM,DC=RELIA,DC=COM","domainsid":"S-1-5-21-3972710054-930304531-4277621697","highvalue":false},"ChildObjects":[],"Aces":[{"PrincipalSID":"S-1-5-21-3972710054-930304531-4277621697-512","PrincipalType":"Group","RightName":"Owns","IsInherited":false},{"PrincipalSID":"S-1-5-21-3972710054-930304531-4277621697-553","PrincipalType":"Group","RightName":"WriteDacl","IsInherited":false},{"PrincipalSID":"S-1-5-21-3972710054-930304531-4277621697-553","PrincipalType":"Group","RightName":"WriteOwner","IsInherited":false},{"PrincipalSID":"S-1-5-21-3972710054-930304531-4277621697-519","PrincipalType":"Group","RightName":"GenericAll","IsInherited":true},{"PrincipalSID":"RELIA.COM-S-1-5-32-544","PrincipalType":"Group","RightName":"WriteDacl","IsInherited":true},{"PrincipalSID":"RELIA.COM-S-1-5-32-544","PrincipalType":"Group","RightName":"WriteOwner","IsInherited":true}],"ObjectIdentifier":"64B80F1E-B386-44D9-B759-C1DC4C047AC5","IsDeleted":false,"IsACLProtected":false},{"Properties":{"domain":"RELIA.COM","name":"COMPARTITIONSETS@RELIA.COM","distinguishedname":"CN=COMPARTITIONSETS,CN=SYSTEM,DC=RELIA,DC=COM","domainsid":"S-1-5-21-3972710054-930304531-4277621697","highvalue":false},"ChildObjects":[],"Aces":[{"PrincipalSID":"S-1-5-21-3972710054-930304531-4277621697-512","PrincipalType":"Group","RightName":"Owns","IsInherited":false},{"PrincipalSID":"S-1-5-21-3972710054-930304531-4277621697-512","PrincipalType":"Group","RightName":"WriteDacl","IsInherited":false},{"PrincipalSID":"S-1-5-21-3972710054-930304531-4277621697-512","PrincipalType":"Group","RightName":"WriteOwner","IsInherited":false},{"PrincipalSID":"S-1-5-21-3972710054-930304531-4277621697-519","PrincipalType":"Group","RightName":"GenericAll","IsInherited":true},{"PrincipalSID":"RELIA.COM-S-1-5-32-544","PrincipalType":"Group","RightName":"WriteDacl","IsInherited":true},{"PrincipalSID":"RELIA.COM-S-1-5-32-544","PrincipalType":"Group","RightName":"WriteOwner","IsInherited":true}],"ObjectIdentifier":"DC860555-ECE4-4F34-B1FA-F9205C9AE1F3","IsDeleted":false,"IsACLProtected":false},{"Properties":{"domain":"RELIA.COM","name":"PSPS@RELIA.COM","distinguishedname":"CN=PSPS,CN=SYSTEM,DC=RELIA,DC=COM","domainsid":"S-1-5-21-3972710054-930304531-4277621697","highvalue":false},"ChildObjects":[],"Aces":[{"PrincipalSID":"S-1-5-21-3972710054-930304531-4277621697-512","PrincipalType":"Group","RightName":"Owns","IsInherited":false},{"PrincipalSID":"S-1-5-21-3972710054-930304531-4277621697-512","PrincipalType":"Group","RightName":"GenericAll","IsInherited":false},{"PrincipalSID":"S-1-5-21-3972710054-930304531-4277621697-519","PrincipalType":"Group","RightName":"GenericAll","IsInherited":true},{"PrincipalSID":"RELIA.COM-S-1-5-32-544","PrincipalType":"Group","RightName":"WriteDacl","IsInherited":true},{"PrincipalSID":"RELIA.COM-S-1-5-32-544","PrincipalType":"Group","RightName":"WriteOwner","IsInherited":true}],"ObjectIdentifier":"01471ECC-4CF6-4D83-8D07-8DBC7AF59743","IsDeleted":false,"IsACLProtected":false},{"Properties":{"domain":"RELIA.COM","name":"POLICIES@RELIA.COM","distinguishedname":"CN=POLICIES,CN=SYSTEM,DC=RELIA,DC=COM","domainsid":"S-1-5-21-3972710054-930304531-4277621697","highvalue":false},"ChildObjects":[],"Aces":[{"PrincipalSID":"S-1-5-21-3972710054-930304531-4277621697-512","PrincipalType":"Group","RightName":"Owns","IsInherited":false},{"PrincipalSID":"S-1-5-21-3972710054-930304531-4277621697-512","PrincipalType":"Group","RightName":"WriteDacl","IsInherited":false},{"PrincipalSID":"S-1-5-21-3972710054-930304531-4277621697-512","PrincipalType":"Group","RightName":"WriteOwner","IsInherited":false},{"PrincipalSID":"S-1-5-21-3972710054-930304531-4277621697-519","PrincipalType":"Group","RightName":"GenericAll","IsInherited":true},{"PrincipalSID":"RELIA.COM-S-1-5-32-544","PrincipalType":"Group","RightName":"WriteDacl","IsInherited":true},{"PrincipalSID":"RELIA.COM-S-1-5-32-544","PrincipalType":"Group","RightName":"WriteOwner","IsInherited":true}],"ObjectIdentifier":"F2EA939E-7BFE-40B2-95F0-7C6653671483","IsDeleted":false,"IsACLProtected":false},{"Properties":{"domain":"RELIA.COM","name":"COMPARTITIONS@RELIA.COM","distinguishedname":"CN=COMPARTITIONS,CN=SYSTEM,DC=RELIA,DC=COM","domainsid":"S-1-5-21-3972710054-930304531-4277621697","highvalue":false},"ChildObjects":[],"Aces":[{"PrincipalSID":"S-1-5-21-3972710054-930304531-4277621697-512","PrincipalType":"Group","RightName":"Owns","IsInherited":false},{"PrincipalSID":"S-1-5-21-3972710054-930304531-4277621697-512","PrincipalType":"Group","RightName":"WriteDacl","IsInherited":false},{"PrincipalSID":"S-1-5-21-3972710054-930304531-4277621697-512","PrincipalType":"Group","RightName":"WriteOwner","IsInherited":false},{"PrincipalSID":"S-1-5-21-3972710054-930304531-4277621697-519","PrincipalType":"Group","RightName":"GenericAll","IsInherited":true},{"PrincipalSID":"RELIA.COM-S-1-5-32-544","PrincipalType":"Group","RightName":"WriteDacl","IsInherited":true},{"PrincipalSID":"RELIA.COM-S-1-5-32-544","PrincipalType":"Group","RightName":"WriteOwner","IsInherited":true}],"ObjectIdentifier":"45ADCFAD-949A-4BAB-838A-FDD48510672E","IsDeleted":false,"IsACLProtected":false},{"Properties":{"domain":"RELIA.COM","name":"COMPUTERS@RELIA.COM","distinguishedname":"CN=COMPUTERS,DC=RELIA,DC=COM","domainsid":"S-1-5-21-3972710054-930304531-4277621697","highvalue":false},"ChildObjects":[{"ObjectIdentifier":"S-1-5-21-3972710054-930304531-4277621697-1126","ObjectType":"Computer"},{"ObjectIdentifier":"S-1-5-21-3972710054-930304531-4277621697-1125","ObjectType":"Computer"},{"ObjectIdentifier":"S-1-5-21-3972710054-930304531-4277621697-1120","ObjectType":"Computer"},{"ObjectIdentifier":"S-1-5-21-3972710054-930304531-4277621697-1119","ObjectType":"Computer"},{"ObjectIdentifier":"S-1-5-21-3972710054-930304531-4277621697-1127","ObjectType":"Computer"},{"ObjectIdentifier":"S-1-5-21-3972710054-930304531-4277621697-1121","ObjectType":"Computer"},{"ObjectIdentifier":"S-1-5-21-3972710054-930304531-4277621697-1122","ObjectType":"Computer"}],"Aces":[{"PrincipalSID":"S-1-5-21-3972710054-930304531-4277621697-512","PrincipalType":"Group","RightName":"Owns","IsInherited":false},{"PrincipalSID":"S-1-5-21-3972710054-930304531-4277621697-512","PrincipalType":"Group","RightName":"WriteDacl","IsInherited":false},{"PrincipalSID":"S-1-5-21-3972710054-930304531-4277621697-512","PrincipalType":"Group","RightName":"WriteOwner","IsInherited":false},{"PrincipalSID":"S-1-5-21-3972710054-930304531-4277621697-519","PrincipalType":"Group","RightName":"GenericAll","IsInherited":true},{"PrincipalSID":"RELIA.COM-S-1-5-32-544","PrincipalType":"Group","RightName":"WriteDacl","IsInherited":true},{"PrincipalSID":"RELIA.COM-S-1-5-32-544","PrincipalType":"Group","RightName":"WriteOwner","IsInherited":true}],"ObjectIdentifier":"D6DB4C80-3D1E-4F54-84C0-04BD91459B1D","IsDeleted":false,"IsACLProtected":false},{"Properties":{"domain":"RELIA.COM","name":"USERS@RELIA.COM","distinguishedname":"CN=USERS,DC=RELIA,DC=COM","domainsid":"S-1-5-21-3972710054-930304531-4277621697","highvalue":false},"ChildObjects":[{"ObjectIdentifier":"S-1-5-21-3972710054-930304531-4277621697-500","ObjectType":"User"},{"ObjectIdentifier":"S-1-5-21-3972710054-930304531-4277621697-571","ObjectType":"Group"},{"ObjectIdentifier":"S-1-5-21-3972710054-930304531-4277621697-1106","ObjectType":"User"},{"ObjectIdentifier":"S-1-5-21-3972710054-930304531-4277621697-1114","ObjectType":"User"},{"ObjectIdentifier":"S-1-5-21-3972710054-930304531-4277621697-1113","ObjectType":"User"},{"ObjectIdentifier":"S-1-5-21-3972710054-930304531-4277621697-517","ObjectType":"Group"},{"ObjectIdentifier":"S-1-5-21-3972710054-930304531-4277621697-522","ObjectType":"Group"},{"ObjectIdentifier":"S-1-5-21-3972710054-930304531-4277621697-1123","ObjectType":"User"},{"ObjectIdentifier":"S-1-5-21-3972710054-930304531-4277621697-572","ObjectType":"Group"},{"ObjectIdentifier":"S-1-5-21-3972710054-930304531-4277621697-1101","ObjectType":"Group"},{"ObjectIdentifier":"S-1-5-21-3972710054-930304531-4277621697-1102","ObjectType":"Group"},{"ObjectIdentifier":"S-1-5-21-3972710054-930304531-4277621697-512","ObjectType":"Group"},{"ObjectIdentifier":"S-1-5-21-3972710054-930304531-4277621697-515","ObjectType":"Group"},{"ObjectIdentifier":"S-1-5-21-3972710054-930304531-4277621697-516","ObjectType":"Group"},{"ObjectIdentifier":"S-1-5-21-3972710054-930304531-4277621697-514","ObjectType":"Group"},{"ObjectIdentifier":"S-1-5-21-3972710054-930304531-4277621697-513","ObjectType":"Group"},{"ObjectIdentifier":"S-1-5-21-3972710054-930304531-4277621697-519","ObjectType":"Group"},{"ObjectIdentifier":"S-1-5-21-3972710054-930304531-4277621697-527","ObjectType":"Group"},{"ObjectIdentifier":"S-1-5-21-3972710054-930304531-4277621697-498","ObjectType":"Group"},{"ObjectIdentifier":"S-1-5-21-3972710054-930304531-4277621697-520","ObjectType":"Group"},{"ObjectIdentifier":"S-1-5-21-3972710054-930304531-4277621697-501","ObjectType":"User"},{"ObjectIdentifier":"S-1-5-21-3972710054-930304531-4277621697-1108","ObjectType":"User"},{"ObjectIdentifier":"S-1-5-21-3972710054-930304531-4277621697-1109","ObjectType":"User"},{"ObjectIdentifier":"S-1-5-21-3972710054-930304531-4277621697-1116","ObjectType":"Group"},{"ObjectIdentifier":"S-1-5-21-3972710054-930304531-4277621697-1118","ObjectType":"Group"},{"ObjectIdentifier":"S-1-5-21-3972710054-930304531-4277621697-1111","ObjectType":"User"},{"ObjectIdentifier":"S-1-5-21-3972710054-930304531-4277621697-1104","ObjectType":"User"},{"ObjectIdentifier":"S-1-5-21-3972710054-930304531-4277621697-526","ObjectType":"Group"},{"ObjectIdentifier":"S-1-5-21-3972710054-930304531-4277621697-502","ObjectType":"User"},{"ObjectIdentifier":"S-1-5-21-3972710054-930304531-4277621697-1110","ObjectType":"User"},{"ObjectIdentifier":"S-1-5-21-3972710054-930304531-4277621697-1103","ObjectType":"User"},{"ObjectIdentifier":"S-1-5-21-3972710054-930304531-4277621697-1105","ObjectType":"User"},{"ObjectIdentifier":"S-1-5-21-3972710054-930304531-4277621697-1124","ObjectType":"User"},{"ObjectIdentifier":"S-1-5-21-3972710054-930304531-4277621697-1107","ObjectType":"User"},{"ObjectIdentifier":"S-1-5-21-3972710054-930304531-4277621697-525","ObjectType":"Group"},{"ObjectIdentifier":"S-1-5-21-3972710054-930304531-4277621697-553","ObjectType":"Group"},{"ObjectIdentifier":"S-1-5-21-3972710054-930304531-4277621697-521","ObjectType":"Group"},{"ObjectIdentifier":"S-1-5-21-3972710054-930304531-4277621697-518","ObjectType":"Group"},{"ObjectIdentifier":"S-1-5-21-3972710054-930304531-4277621697-1117","ObjectType":"Group"},{"ObjectIdentifier":"S-1-5-21-3972710054-930304531-4277621697-1115","ObjectType":"Group"}],"Aces":[{"PrincipalSID":"S-1-5-21-3972710054-930304531-4277621697-512","PrincipalType":"Group","RightName":"Owns","IsInherited":false},{"PrincipalSID":"S-1-5-21-3972710054-930304531-4277621697-512","PrincipalType":"Group","RightName":"WriteDacl","IsInherited":false},{"PrincipalSID":"S-1-5-21-3972710054-930304531-4277621697-512","PrincipalType":"Group","RightName":"WriteOwner","IsInherited":false},{"PrincipalSID":"S-1-5-21-3972710054-930304531-4277621697-519","PrincipalType":"Group","RightName":"GenericAll","IsInherited":true},{"PrincipalSID":"RELIA.COM-S-1-5-32-544","PrincipalType":"Group","RightName":"WriteDacl","IsInherited":true},{"PrincipalSID":"RELIA.COM-S-1-5-32-544","PrincipalType":"Group","RightName":"WriteOwner","IsInherited":true}],"ObjectIdentifier":"78442AED-715B-483D-A1CA-4C655696F95D","IsDeleted":false,"IsACLProtected":false}],"meta":{"methods":29695,"type":"containers","count":21,"version":5}}