﻿{"data":[{"GPOChanges":{"LocalAdmins":[],"RemoteDesktopUsers":[],"DcomUsers":[],"PSRemoteUsers":[],"AffectedComputers":[{"ObjectIdentifier":"S-1-5-21-3972710054-930304531-4277621697-1000","ObjectType":"Computer"}]},"Properties":{"domain":"RELIA.COM","name":"DOMAIN CONTROLLERS@RELIA.COM","distinguishedname":"OU=DOMAIN CONTROLLERS,DC=RELIA,DC=COM","domainsid":"S-1-5-21-3972710054-930304531-4277621697","highvalue":false,"description":"Default container for domain controllers","whencreated":1665984137,"blocksinheritance":false},"Links":[{"IsEnforced":false,"GUID":"09F9F675-4288-4414-B9C3-A483AD75BF1C"}],"ChildObjects":[{"ObjectIdentifier":"S-1-5-21-3972710054-930304531-4277621697-1000","ObjectType":"Computer"}],"Aces":[{"PrincipalSID":"S-1-5-21-3972710054-930304531-4277621697-512","PrincipalType":"Group","RightName":"Owns","IsInherited":false},{"PrincipalSID":"S-1-5-21-3972710054-930304531-4277621697-512","PrincipalType":"Group","RightName":"WriteDacl","IsInherited":false},{"PrincipalSID":"S-1-5-21-3972710054-930304531-4277621697-512","PrincipalType":"Group","RightName":"WriteOwner","IsInherited":false},{"PrincipalSID":"S-1-5-21-3972710054-930304531-4277621697-519","PrincipalType":"Group","RightName":"GenericAll","IsInherited":true},{"PrincipalSID":"RELIA.COM-S-1-5-32-544","PrincipalType":"Group","RightName":"WriteDacl","IsInherited":true},{"PrincipalSID":"RELIA.COM-S-1-5-32-544","PrincipalType":"Group","RightName":"WriteOwner","IsInherited":true}],"ObjectIdentifier":"3CA1ACC8-09E7-4971-9A63-05BE73143276","IsDeleted":false,"IsACLProtected":false}],"meta":{"methods":29695,"type":"ous","count":1,"version":5}}