﻿{"data":[{"Properties":{"domain":"RELIA.COM","name":"ADMINISTRATORS@RELIA.COM","distinguishedname":"CN=ADMINISTRATORS,CN=BUILTIN,DC=RELIA,DC=COM","domainsid":"S-1-5-21-3972710054-930304531-4277621697","highvalue":true,"samaccountname":"Administrators","description":"Administrators have complete and unrestricted access to the computer/domain","whencreated":1665984137,"admincount":true},"Members":[{"ObjectIdentifier":"S-1-5-21-3972710054-930304531-4277621697-512","ObjectType":"Group"},{"ObjectIdentifier":"S-1-5-21-3972710054-930304531-4277621697-519","ObjectType":"Group"},{"ObjectIdentifier":"S-1-5-21-3972710054-930304531-4277621697-500","ObjectType":"User"}],"Aces":[{"PrincipalSID":"S-1-5-21-3972710054-930304531-4277621697-512","PrincipalType":"Group","RightName":"Owns","IsInherited":false},{"PrincipalSID":"RELIA.COM-S-1-5-32-544","PrincipalType":"Group","RightName":"WriteDacl","IsInherited":false},{"PrincipalSID":"RELIA.COM-S-1-5-32-544","PrincipalType":"Group","RightName":"WriteOwner","IsInherited":false},{"PrincipalSID":"RELIA.COM-S-1-5-32-544","PrincipalType":"Group","RightName":"GenericWrite","IsInherited":false},{"PrincipalSID":"S-1-5-21-3972710054-930304531-4277621697-512","PrincipalType":"Group","RightName":"WriteDacl","IsInherited":false},{"PrincipalSID":"S-1-5-21-3972710054-930304531-4277621697-512","PrincipalType":"Group","RightName":"WriteOwner","IsInherited":false},{"PrincipalSID":"S-1-5-21-3972710054-930304531-4277621697-512","PrincipalType":"Group","RightName":"GenericWrite","IsInherited":false},{"PrincipalSID":"S-1-5-21-3972710054-930304531-4277621697-519","PrincipalType":"Group","RightName":"WriteDacl","IsInherited":false},{"PrincipalSID":"S-1-5-21-3972710054-930304531-4277621697-519","PrincipalType":"Group","RightName":"WriteOwner","IsInherited":false},{"PrincipalSID":"S-1-5-21-3972710054-930304531-4277621697-519","PrincipalType":"Group","RightName":"GenericWrite","IsInherited":false}],"ObjectIdentifier":"RELIA.COM-S-1-5-32-544","IsDeleted":false,"IsACLProtected":true},{"Properties":{"domain":"RELIA.COM","name":"REPLICATORS@RELIA.COM","distinguishedname":"CN=REPLICATOR,CN=BUILTIN,DC=RELIA,DC=COM","domainsid":"S-1-5-21-3972710054-930304531-4277621697","highvalue":false,"samaccountname":"Replicator","description":"Supports file replication in a domain","whencreated":1665984137,"admincount":true},"Members":[],"Aces":[{"PrincipalSID":"S-1-5-21-3972710054-930304531-4277621697-512","PrincipalType":"Group","RightName":"Owns","IsInherited":false},{"PrincipalSID":"RELIA.COM-S-1-5-32-544","PrincipalType":"Group","RightName":"WriteDacl","IsInherited":false},{"PrincipalSID":"RELIA.COM-S-1-5-32-544","PrincipalType":"Group","RightName":"WriteOwner","IsInherited":false},{"PrincipalSID":"RELIA.COM-S-1-5-32-544","PrincipalType":"Group","RightName":"GenericWrite","IsInherited":false},{"PrincipalSID":"S-1-5-21-3972710054-930304531-4277621697-512","PrincipalType":"Group","RightName":"WriteDacl","IsInherited":false},{"PrincipalSID":"S-1-5-21-3972710054-930304531-4277621697-512","PrincipalType":"Group","RightName":"WriteOwner","IsInherited":false},{"PrincipalSID":"S-1-5-21-3972710054-930304531-4277621697-512","PrincipalType":"Group","RightName":"GenericWrite","IsInherited":false},{"PrincipalSID":"S-1-5-21-3972710054-930304531-4277621697-519","PrincipalType":"Group","RightName":"WriteDacl","IsInherited":false},{"PrincipalSID":"S-1-5-21-3972710054-930304531-4277621697-519","PrincipalType":"Group","RightName":"WriteOwner","IsInherited":false},{"PrincipalSID":"S-1-5-21-3972710054-930304531-4277621697-519","PrincipalType":"Group","RightName":"GenericWrite","IsInherited":false}],"ObjectIdentifier":"RELIA.COM-S-1-5-32-552","IsDeleted":false,"IsACLProtected":true},{"Properties":{"domain":"RELIA.COM","name":"SERVER OPERATORS@RELIA.COM","distinguishedname":"CN=SERVER OPERATORS,CN=BUILTIN,DC=RELIA,DC=COM","domainsid":"S-1-5-21-3972710054-930304531-4277621697","highvalue":true,"samaccountname":"Server Operators","description":"Members can administer domain servers","whencreated":1665984271,"admincount":true},"Members":[],"Aces":[{"PrincipalSID":"S-1-5-21-3972710054-930304531-4277621697-512","PrincipalType":"Group","RightName":"Owns","IsInherited":false},{"PrincipalSID":"RELIA.COM-S-1-5-32-544","PrincipalType":"Group","RightName":"WriteDacl","IsInherited":false},{"PrincipalSID":"RELIA.COM-S-1-5-32-544","PrincipalType":"Group","RightName":"WriteOwner","IsInherited":false},{"PrincipalSID":"RELIA.COM-S-1-5-32-544","PrincipalType":"Group","RightName":"GenericWrite","IsInherited":false},{"PrincipalSID":"S-1-5-21-3972710054-930304531-4277621697-512","PrincipalType":"Group","RightName":"WriteDacl","IsInherited":false},{"PrincipalSID":"S-1-5-21-3972710054-930304531-4277621697-512","PrincipalType":"Group","RightName":"WriteOwner","IsInherited":false},{"PrincipalSID":"S-1-5-21-3972710054-930304531-4277621697-512","PrincipalType":"Group","RightName":"GenericWrite","IsInherited":false},{"PrincipalSID":"S-1-5-21-3972710054-930304531-4277621697-519","PrincipalType":"Group","RightName":"WriteDacl","IsInherited":false},{"PrincipalSID":"S-1-5-21-3972710054-930304531-4277621697-519","PrincipalType":"Group","RightName":"WriteOwner","IsInherited":false},{"PrincipalSID":"S-1-5-21-3972710054-930304531-4277621697-519","PrincipalType":"Group","RightName":"GenericWrite","IsInherited":false}],"ObjectIdentifier":"RELIA.COM-S-1-5-32-549","IsDeleted":false,"IsACLProtected":true},{"Properties":{"domain":"RELIA.COM","name":"ACCOUNT OPERATORS@RELIA.COM","distinguishedname":"CN=ACCOUNT OPERATORS,CN=BUILTIN,DC=RELIA,DC=COM","domainsid":"S-1-5-21-3972710054-930304531-4277621697","highvalue":true,"samaccountname":"Account Operators","description":"Members can administer domain user and group accounts","whencreated":1665984271,"admincount":true},"Members":[],"Aces":[{"PrincipalSID":"S-1-5-21-3972710054-930304531-4277621697-512","PrincipalType":"Group","RightName":"Owns","IsInherited":false},{"PrincipalSID":"RELIA.COM-S-1-5-32-544","PrincipalType":"Group","RightName":"WriteDacl","IsInherited":false},{"PrincipalSID":"RELIA.COM-S-1-5-32-544","PrincipalType":"Group","RightName":"WriteOwner","IsInherited":false},{"PrincipalSID":"RELIA.COM-S-1-5-32-544","PrincipalType":"Group","RightName":"GenericWrite","IsInherited":false},{"PrincipalSID":"S-1-5-21-3972710054-930304531-4277621697-512","PrincipalType":"Group","RightName":"WriteDacl","IsInherited":false},{"PrincipalSID":"S-1-5-21-3972710054-930304531-4277621697-512","PrincipalType":"Group","RightName":"WriteOwner","IsInherited":false},{"PrincipalSID":"S-1-5-21-3972710054-930304531-4277621697-512","PrincipalType":"Group","RightName":"GenericWrite","IsInherited":false},{"PrincipalSID":"S-1-5-21-3972710054-930304531-4277621697-519","PrincipalType":"Group","RightName":"WriteDacl","IsInherited":false},{"PrincipalSID":"S-1-5-21-3972710054-930304531-4277621697-519","PrincipalType":"Group","RightName":"WriteOwner","IsInherited":false},{"PrincipalSID":"S-1-5-21-3972710054-930304531-4277621697-519","PrincipalType":"Group","RightName":"GenericWrite","IsInherited":false}],"ObjectIdentifier":"RELIA.COM-S-1-5-32-548","IsDeleted":false,"IsACLProtected":true},{"Properties":{"domain":"RELIA.COM","name":"BACKUP OPERATORS@RELIA.COM","distinguishedname":"CN=BACKUP OPERATORS,CN=BUILTIN,DC=RELIA,DC=COM","domainsid":"S-1-5-21-3972710054-930304531-4277621697","highvalue":true,"samaccountname":"Backup Operators","description":"Backup Operators can override security restrictions for the sole purpose of backing up or restoring files","whencreated":1665984137,"admincount":true},"Members":[{"ObjectIdentifier":"S-1-5-21-3972710054-930304531-4277621697-1111","ObjectType":"User"}],"Aces":[{"PrincipalSID":"S-1-5-21-3972710054-930304531-4277621697-512","PrincipalType":"Group","RightName":"Owns","IsInherited":false},{"PrincipalSID":"RELIA.COM-S-1-5-32-544","PrincipalType":"Group","RightName":"WriteDacl","IsInherited":false},{"PrincipalSID":"RELIA.COM-S-1-5-32-544","PrincipalType":"Group","RightName":"WriteOwner","IsInherited":false},{"PrincipalSID":"RELIA.COM-S-1-5-32-544","PrincipalType":"Group","RightName":"GenericWrite","IsInherited":false},{"PrincipalSID":"S-1-5-21-3972710054-930304531-4277621697-512","PrincipalType":"Group","RightName":"WriteDacl","IsInherited":false},{"PrincipalSID":"S-1-5-21-3972710054-930304531-4277621697-512","PrincipalType":"Group","RightName":"WriteOwner","IsInherited":false},{"PrincipalSID":"S-1-5-21-3972710054-930304531-4277621697-512","PrincipalType":"Group","RightName":"GenericWrite","IsInherited":false},{"PrincipalSID":"S-1-5-21-3972710054-930304531-4277621697-519","PrincipalType":"Group","RightName":"WriteDacl","IsInherited":false},{"PrincipalSID":"S-1-5-21-3972710054-930304531-4277621697-519","PrincipalType":"Group","RightName":"WriteOwner","IsInherited":false},{"PrincipalSID":"S-1-5-21-3972710054-930304531-4277621697-519","PrincipalType":"Group","RightName":"GenericWrite","IsInherited":false}],"ObjectIdentifier":"RELIA.COM-S-1-5-32-551","IsDeleted":false,"IsACLProtected":true},{"Properties":{"domain":"RELIA.COM","name":"PRINT OPERATORS@RELIA.COM","distinguishedname":"CN=PRINT OPERATORS,CN=BUILTIN,DC=RELIA,DC=COM","domainsid":"S-1-5-21-3972710054-930304531-4277621697","highvalue":true,"samaccountname":"Print Operators","description":"Members can administer printers installed on domain controllers","whencreated":1665984137,"admincount":true},"Members":[],"Aces":[{"PrincipalSID":"S-1-5-21-3972710054-930304531-4277621697-512","PrincipalType":"Group","RightName":"Owns","IsInherited":false},{"PrincipalSID":"RELIA.COM-S-1-5-32-544","PrincipalType":"Group","RightName":"WriteDacl","IsInherited":false},{"PrincipalSID":"RELIA.COM-S-1-5-32-544","PrincipalType":"Group","RightName":"WriteOwner","IsInherited":false},{"PrincipalSID":"RELIA.COM-S-1-5-32-544","PrincipalType":"Group","RightName":"GenericWrite","IsInherited":false},{"PrincipalSID":"S-1-5-21-3972710054-930304531-4277621697-512","PrincipalType":"Group","RightName":"WriteDacl","IsInherited":false},{"PrincipalSID":"S-1-5-21-3972710054-930304531-4277621697-512","PrincipalType":"Group","RightName":"WriteOwner","IsInherited":false},{"PrincipalSID":"S-1-5-21-3972710054-930304531-4277621697-512","PrincipalType":"Group","RightName":"GenericWrite","IsInherited":false},{"PrincipalSID":"S-1-5-21-3972710054-930304531-4277621697-519","PrincipalType":"Group","RightName":"WriteDacl","IsInherited":false},{"PrincipalSID":"S-1-5-21-3972710054-930304531-4277621697-519","PrincipalType":"Group","RightName":"WriteOwner","IsInherited":false},{"PrincipalSID":"S-1-5-21-3972710054-930304531-4277621697-519","PrincipalType":"Group","RightName":"GenericWrite","IsInherited":false}],"ObjectIdentifier":"RELIA.COM-S-1-5-32-550","IsDeleted":false,"IsACLProtected":true},{"Properties":{"domain":"RELIA.COM","name":"ACCESS CONTROL ASSISTANCE OPERATORS@RELIA.COM","distinguishedname":"CN=ACCESS CONTROL ASSISTANCE OPERATORS,CN=BUILTIN,DC=RELIA,DC=COM","domainsid":"S-1-5-21-3972710054-930304531-4277621697","highvalue":false,"samaccountname":"Access Control Assistance Operators","description":"Members of this group can remotely query authorization attributes and permissions for resources on this computer.","whencreated":1665984137,"admincount":false},"Members":[],"Aces":[{"PrincipalSID":"RELIA.COM-S-1-5-32-544","PrincipalType":"Group","RightName":"Owns","IsInherited":false},{"PrincipalSID":"RELIA.COM-S-1-5-32-548","PrincipalType":"Group","RightName":"GenericAll","IsInherited":false},{"PrincipalSID":"S-1-5-21-3972710054-930304531-4277621697-512","PrincipalType":"Group","RightName":"GenericAll","IsInherited":false},{"PrincipalSID":"S-1-5-21-3972710054-930304531-4277621697-519","PrincipalType":"Group","RightName":"GenericAll","IsInherited":true},{"PrincipalSID":"RELIA.COM-S-1-5-32-544","PrincipalType":"Group","RightName":"WriteDacl","IsInherited":true},{"PrincipalSID":"RELIA.COM-S-1-5-32-544","PrincipalType":"Group","RightName":"WriteOwner","IsInherited":true},{"PrincipalSID":"RELIA.COM-S-1-5-32-544","PrincipalType":"Group","RightName":"GenericWrite","IsInherited":true}],"ObjectIdentifier":"RELIA.COM-S-1-5-32-579","IsDeleted":false,"IsACLProtected":false},{"Properties":{"domain":"RELIA.COM","name":"SCHEMA ADMINS@RELIA.COM","distinguishedname":"CN=SCHEMA ADMINS,CN=USERS,DC=RELIA,DC=COM","domainsid":"S-1-5-21-3972710054-930304531-4277621697","highvalue":false,"samaccountname":"Schema Admins","description":"Designated administrators of the schema","whencreated":1665984271,"admincount":true},"Members":[{"ObjectIdentifier":"S-1-5-21-3972710054-930304531-4277621697-500","ObjectType":"User"}],"Aces":[{"PrincipalSID":"S-1-5-21-3972710054-930304531-4277621697-512","PrincipalType":"Group","RightName":"Owns","IsInherited":false},{"PrincipalSID":"RELIA.COM-S-1-5-32-544","PrincipalType":"Group","RightName":"WriteDacl","IsInherited":false},{"PrincipalSID":"RELIA.COM-S-1-5-32-544","PrincipalType":"Group","RightName":"WriteOwner","IsInherited":false},{"PrincipalSID":"RELIA.COM-S-1-5-32-544","PrincipalType":"Group","RightName":"GenericWrite","IsInherited":false},{"PrincipalSID":"S-1-5-21-3972710054-930304531-4277621697-512","PrincipalType":"Group","RightName":"WriteDacl","IsInherited":false},{"PrincipalSID":"S-1-5-21-3972710054-930304531-4277621697-512","PrincipalType":"Group","RightName":"WriteOwner","IsInherited":false},{"PrincipalSID":"S-1-5-21-3972710054-930304531-4277621697-512","PrincipalType":"Group","RightName":"GenericWrite","IsInherited":false},{"PrincipalSID":"S-1-5-21-3972710054-930304531-4277621697-519","PrincipalType":"Group","RightName":"WriteDacl","IsInherited":false},{"PrincipalSID":"S-1-5-21-3972710054-930304531-4277621697-519","PrincipalType":"Group","RightName":"WriteOwner","IsInherited":false},{"PrincipalSID":"S-1-5-21-3972710054-930304531-4277621697-519","PrincipalType":"Group","RightName":"GenericWrite","IsInherited":false}],"ObjectIdentifier":"S-1-5-21-3972710054-930304531-4277621697-518","IsDeleted":false,"IsACLProtected":true},{"Properties":{"domain":"RELIA.COM","name":"ENTERPRISE ADMINS@RELIA.COM","distinguishedname":"CN=ENTERPRISE ADMINS,CN=USERS,DC=RELIA,DC=COM","domainsid":"S-1-5-21-3972710054-930304531-4277621697","highvalue":true,"samaccountname":"Enterprise Admins","description":"Designated administrators of the enterprise","whencreated":1665984271,"admincount":true},"Members":[{"ObjectIdentifier":"S-1-5-21-3972710054-930304531-4277621697-500","ObjectType":"User"}],"Aces":[{"PrincipalSID":"S-1-5-21-3972710054-930304531-4277621697-512","PrincipalType":"Group","RightName":"Owns","IsInherited":false},{"PrincipalSID":"RELIA.COM-S-1-5-32-544","PrincipalType":"Group","RightName":"WriteDacl","IsInherited":false},{"PrincipalSID":"RELIA.COM-S-1-5-32-544","PrincipalType":"Group","RightName":"WriteOwner","IsInherited":false},{"PrincipalSID":"RELIA.COM-S-1-5-32-544","PrincipalType":"Group","RightName":"GenericWrite","IsInherited":false},{"PrincipalSID":"S-1-5-21-3972710054-930304531-4277621697-512","PrincipalType":"Group","RightName":"WriteDacl","IsInherited":false},{"PrincipalSID":"S-1-5-21-3972710054-930304531-4277621697-512","PrincipalType":"Group","RightName":"WriteOwner","IsInherited":false},{"PrincipalSID":"S-1-5-21-3972710054-930304531-4277621697-512","PrincipalType":"Group","RightName":"GenericWrite","IsInherited":false},{"PrincipalSID":"S-1-5-21-3972710054-930304531-4277621697-519","PrincipalType":"Group","RightName":"WriteDacl","IsInherited":false},{"PrincipalSID":"S-1-5-21-3972710054-930304531-4277621697-519","PrincipalType":"Group","RightName":"WriteOwner","IsInherited":false},{"PrincipalSID":"S-1-5-21-3972710054-930304531-4277621697-519","PrincipalType":"Group","RightName":"GenericWrite","IsInherited":false}],"ObjectIdentifier":"S-1-5-21-3972710054-930304531-4277621697-519","IsDeleted":false,"IsACLProtected":true},{"Properties":{"domain":"RELIA.COM","name":"DOMAIN ADMINS@RELIA.COM","distinguishedname":"CN=DOMAIN ADMINS,CN=USERS,DC=RELIA,DC=COM","domainsid":"S-1-5-21-3972710054-930304531-4277621697","highvalue":true,"samaccountname":"Domain Admins","description":"Designated administrators of the domain","whencreated":1665984271,"admincount":true},"Members":[{"ObjectIdentifier":"S-1-5-21-3972710054-930304531-4277621697-1123","ObjectType":"User"},{"ObjectIdentifier":"S-1-5-21-3972710054-930304531-4277621697-1109","ObjectType":"User"},{"ObjectIdentifier":"S-1-5-21-3972710054-930304531-4277621697-500","ObjectType":"User"}],"Aces":[{"PrincipalSID":"S-1-5-21-3972710054-930304531-4277621697-512","PrincipalType":"Group","RightName":"Owns","IsInherited":false},{"PrincipalSID":"RELIA.COM-S-1-5-32-544","PrincipalType":"Group","RightName":"WriteDacl","IsInherited":false},{"PrincipalSID":"RELIA.COM-S-1-5-32-544","PrincipalType":"Group","RightName":"WriteOwner","IsInherited":false},{"PrincipalSID":"RELIA.COM-S-1-5-32-544","PrincipalType":"Group","RightName":"GenericWrite","IsInherited":false},{"PrincipalSID":"S-1-5-21-3972710054-930304531-4277621697-512","PrincipalType":"Group","RightName":"WriteDacl","IsInherited":false},{"PrincipalSID":"S-1-5-21-3972710054-930304531-4277621697-512","PrincipalType":"Group","RightName":"WriteOwner","IsInherited":false},{"PrincipalSID":"S-1-5-21-3972710054-930304531-4277621697-512","PrincipalType":"Group","RightName":"GenericWrite","IsInherited":false},{"PrincipalSID":"S-1-5-21-3972710054-930304531-4277621697-519","PrincipalType":"Group","RightName":"WriteDacl","IsInherited":false},{"PrincipalSID":"S-1-5-21-3972710054-930304531-4277621697-519","PrincipalType":"Group","RightName":"WriteOwner","IsInherited":false},{"PrincipalSID":"S-1-5-21-3972710054-930304531-4277621697-519","PrincipalType":"Group","RightName":"GenericWrite","IsInherited":false}],"ObjectIdentifier":"S-1-5-21-3972710054-930304531-4277621697-512","IsDeleted":false,"IsACLProtected":true},{"Properties":{"domain":"RELIA.COM","name":"TERMINAL SERVER LICENSE SERVERS@RELIA.COM","distinguishedname":"CN=TERMINAL SERVER LICENSE SERVERS,CN=BUILTIN,DC=RELIA,DC=COM","domainsid":"S-1-5-21-3972710054-930304531-4277621697","highvalue":false,"samaccountname":"Terminal Server License Servers","description":"Members of this group can update user accounts in Active Directory with information about license issuance, for the purpose of tracking and reporting TS Per User CAL usage","whencreated":1665984271,"admincount":false},"Members":[],"Aces":[{"PrincipalSID":"S-1-5-21-3972710054-930304531-4277621697-512","PrincipalType":"Group","RightName":"Owns","IsInherited":false},{"PrincipalSID":"RELIA.COM-S-1-5-32-548","PrincipalType":"Group","RightName":"GenericAll","IsInherited":false},{"PrincipalSID":"S-1-5-21-3972710054-930304531-4277621697-512","PrincipalType":"Group","RightName":"GenericAll","IsInherited":false},{"PrincipalSID":"S-1-5-21-3972710054-930304531-4277621697-519","PrincipalType":"Group","RightName":"GenericAll","IsInherited":true},{"PrincipalSID":"RELIA.COM-S-1-5-32-544","PrincipalType":"Group","RightName":"WriteDacl","IsInherited":true},{"PrincipalSID":"RELIA.COM-S-1-5-32-544","PrincipalType":"Group","RightName":"WriteOwner","IsInherited":true},{"PrincipalSID":"RELIA.COM-S-1-5-32-544","PrincipalType":"Group","RightName":"GenericWrite","IsInherited":true}],"ObjectIdentifier":"RELIA.COM-S-1-5-32-561","IsDeleted":false,"IsACLProtected":false},{"Properties":{"domain":"RELIA.COM","name":"GROUP POLICY CREATOR OWNERS@RELIA.COM","distinguishedname":"CN=GROUP POLICY CREATOR OWNERS,CN=USERS,DC=RELIA,DC=COM","domainsid":"S-1-5-21-3972710054-930304531-4277621697","highvalue":false,"samaccountname":"Group Policy Creator Owners","description":"Members in this group can modify group policy for the domain","whencreated":1665984271,"admincount":false},"Members":[{"ObjectIdentifier":"S-1-5-21-3972710054-930304531-4277621697-500","ObjectType":"User"}],"Aces":[{"PrincipalSID":"S-1-5-21-3972710054-930304531-4277621697-512","PrincipalType":"Group","RightName":"Owns","IsInherited":false},{"PrincipalSID":"RELIA.COM-S-1-5-32-548","PrincipalType":"Group","RightName":"GenericAll","IsInherited":false},{"PrincipalSID":"S-1-5-21-3972710054-930304531-4277621697-512","PrincipalType":"Group","RightName":"GenericAll","IsInherited":false},{"PrincipalSID":"S-1-5-21-3972710054-930304531-4277621697-519","PrincipalType":"Group","RightName":"GenericAll","IsInherited":true},{"PrincipalSID":"RELIA.COM-S-1-5-32-544","PrincipalType":"Group","RightName":"WriteDacl","IsInherited":true},{"PrincipalSID":"RELIA.COM-S-1-5-32-544","PrincipalType":"Group","RightName":"WriteOwner","IsInherited":true},{"PrincipalSID":"RELIA.COM-S-1-5-32-544","PrincipalType":"Group","RightName":"GenericWrite","IsInherited":true}],"ObjectIdentifier":"S-1-5-21-3972710054-930304531-4277621697-520","IsDeleted":false,"IsACLProtected":false},{"Properties":{"domain":"RELIA.COM","name":"PERFORMANCE LOG USERS@RELIA.COM","distinguishedname":"CN=PERFORMANCE LOG USERS,CN=BUILTIN,DC=RELIA,DC=COM","domainsid":"S-1-5-21-3972710054-930304531-4277621697","highvalue":false,"samaccountname":"Performance Log Users","description":"Members of this group may schedule logging of performance counters, enable trace providers, and collect event traces both locally and via remote access to this computer","whencreated":1665984137,"admincount":false},"Members":[],"Aces":[{"PrincipalSID":"RELIA.COM-S-1-5-32-544","PrincipalType":"Group","RightName":"Owns","IsInherited":false},{"PrincipalSID":"RELIA.COM-S-1-5-32-548","PrincipalType":"Group","RightName":"GenericAll","IsInherited":false},{"PrincipalSID":"S-1-5-21-3972710054-930304531-4277621697-512","PrincipalType":"Group","RightName":"GenericAll","IsInherited":false},{"PrincipalSID":"S-1-5-21-3972710054-930304531-4277621697-519","PrincipalType":"Group","RightName":"GenericAll","IsInherited":true},{"PrincipalSID":"RELIA.COM-S-1-5-32-544","PrincipalType":"Group","RightName":"WriteDacl","IsInherited":true},{"PrincipalSID":"RELIA.COM-S-1-5-32-544","PrincipalType":"Group","RightName":"WriteOwner","IsInherited":true},{"PrincipalSID":"RELIA.COM-S-1-5-32-544","PrincipalType":"Group","RightName":"GenericWrite","IsInherited":true}],"ObjectIdentifier":"RELIA.COM-S-1-5-32-559","IsDeleted":false,"IsACLProtected":false},{"Properties":{"domain":"RELIA.COM","name":"DOMAIN CONTROLLERS@RELIA.COM","distinguishedname":"CN=DOMAIN CONTROLLERS,CN=USERS,DC=RELIA,DC=COM","domainsid":"S-1-5-21-3972710054-930304531-4277621697","highvalue":true,"samaccountname":"Domain Controllers","description":"All domain controllers in the domain","whencreated":1665984271,"admincount":true},"Members":[],"Aces":[{"PrincipalSID":"S-1-5-21-3972710054-930304531-4277621697-512","PrincipalType":"Group","RightName":"Owns","IsInherited":false},{"PrincipalSID":"RELIA.COM-S-1-5-32-544","PrincipalType":"Group","RightName":"WriteDacl","IsInherited":false},{"PrincipalSID":"RELIA.COM-S-1-5-32-544","PrincipalType":"Group","RightName":"WriteOwner","IsInherited":false},{"PrincipalSID":"RELIA.COM-S-1-5-32-544","PrincipalType":"Group","RightName":"GenericWrite","IsInherited":false},{"PrincipalSID":"S-1-5-21-3972710054-930304531-4277621697-512","PrincipalType":"Group","RightName":"WriteDacl","IsInherited":false},{"PrincipalSID":"S-1-5-21-3972710054-930304531-4277621697-512","PrincipalType":"Group","RightName":"WriteOwner","IsInherited":false},{"PrincipalSID":"S-1-5-21-3972710054-930304531-4277621697-512","PrincipalType":"Group","RightName":"GenericWrite","IsInherited":false},{"PrincipalSID":"S-1-5-21-3972710054-930304531-4277621697-519","PrincipalType":"Group","RightName":"WriteDacl","IsInherited":false},{"PrincipalSID":"S-1-5-21-3972710054-930304531-4277621697-519","PrincipalType":"Group","RightName":"WriteOwner","IsInherited":false},{"PrincipalSID":"S-1-5-21-3972710054-930304531-4277621697-519","PrincipalType":"Group","RightName":"GenericWrite","IsInherited":false}],"ObjectIdentifier":"S-1-5-21-3972710054-930304531-4277621697-516","IsDeleted":false,"IsACLProtected":true},{"Properties":{"domain":"RELIA.COM","name":"IIS_IUSRS@RELIA.COM","distinguishedname":"CN=IIS_IUSRS,CN=BUILTIN,DC=RELIA,DC=COM","domainsid":"S-1-5-21-3972710054-930304531-4277621697","highvalue":false,"samaccountname":"IIS_IUSRS","description":"Built-in group used by Internet Information Services.","whencreated":1665984137,"admincount":false},"Members":[{"ObjectIdentifier":"RELIA.COM-S-1-5-17","ObjectType":"Group"}],"Aces":[{"PrincipalSID":"RELIA.COM-S-1-5-32-544","PrincipalType":"Group","RightName":"Owns","IsInherited":false},{"PrincipalSID":"RELIA.COM-S-1-5-32-548","PrincipalType":"Group","RightName":"GenericAll","IsInherited":false},{"PrincipalSID":"S-1-5-21-3972710054-930304531-4277621697-512","PrincipalType":"Group","RightName":"GenericAll","IsInherited":false},{"PrincipalSID":"S-1-5-21-3972710054-930304531-4277621697-519","PrincipalType":"Group","RightName":"GenericAll","IsInherited":true},{"PrincipalSID":"RELIA.COM-S-1-5-32-544","PrincipalType":"Group","RightName":"WriteDacl","IsInherited":true},{"PrincipalSID":"RELIA.COM-S-1-5-32-544","PrincipalType":"Group","RightName":"WriteOwner","IsInherited":true},{"PrincipalSID":"RELIA.COM-S-1-5-32-544","PrincipalType":"Group","RightName":"GenericWrite","IsInherited":true}],"ObjectIdentifier":"RELIA.COM-S-1-5-32-568","IsDeleted":false,"IsACLProtected":false},{"Properties":{"domain":"RELIA.COM","name":"GUESTS@RELIA.COM","distinguishedname":"CN=GUESTS,CN=BUILTIN,DC=RELIA,DC=COM","domainsid":"S-1-5-21-3972710054-930304531-4277621697","highvalue":false,"samaccountname":"Guests","description":"Guests have the same access as members of the Users group by default, except for the Guest account which is further restricted","whencreated":1665984137,"admincount":false},"Members":[{"ObjectIdentifier":"S-1-5-21-3972710054-930304531-4277621697-514","ObjectType":"Group"},{"ObjectIdentifier":"S-1-5-21-3972710054-930304531-4277621697-501","ObjectType":"User"}],"Aces":[{"PrincipalSID":"RELIA.COM-S-1-5-32-544","PrincipalType":"Group","RightName":"Owns","IsInherited":false},{"PrincipalSID":"RELIA.COM-S-1-5-32-548","PrincipalType":"Group","RightName":"GenericAll","IsInherited":false},{"PrincipalSID":"S-1-5-21-3972710054-930304531-4277621697-512","PrincipalType":"Group","RightName":"GenericAll","IsInherited":false},{"PrincipalSID":"S-1-5-21-3972710054-930304531-4277621697-519","PrincipalType":"Group","RightName":"GenericAll","IsInherited":true},{"PrincipalSID":"RELIA.COM-S-1-5-32-544","PrincipalType":"Group","RightName":"WriteDacl","IsInherited":true},{"PrincipalSID":"RELIA.COM-S-1-5-32-544","PrincipalType":"Group","RightName":"WriteOwner","IsInherited":true},{"PrincipalSID":"RELIA.COM-S-1-5-32-544","PrincipalType":"Group","RightName":"GenericWrite","IsInherited":true}],"ObjectIdentifier":"RELIA.COM-S-1-5-32-546","IsDeleted":false,"IsACLProtected":false},{"Properties":{"domain":"RELIA.COM","name":"PRE-WINDOWS 2000 COMPATIBLE ACCESS@RELIA.COM","distinguishedname":"CN=PRE-WINDOWS 2000 COMPATIBLE ACCESS,CN=BUILTIN,DC=RELIA,DC=COM","domainsid":"S-1-5-21-3972710054-930304531-4277621697","highvalue":false,"samaccountname":"Pre-Windows 2000 Compatible Access","description":"A backward compatibility group which allows read access on all users and groups in the domain","whencreated":1665984271,"admincount":false},"Members":[{"ObjectIdentifier":"RELIA.COM-S-1-5-11","ObjectType":"Group"}],"Aces":[{"PrincipalSID":"S-1-5-21-3972710054-930304531-4277621697-512","PrincipalType":"Group","RightName":"Owns","IsInherited":false},{"PrincipalSID":"RELIA.COM-S-1-5-32-548","PrincipalType":"Group","RightName":"GenericAll","IsInherited":false},{"PrincipalSID":"S-1-5-21-3972710054-930304531-4277621697-512","PrincipalType":"Group","RightName":"GenericAll","IsInherited":false},{"PrincipalSID":"S-1-5-21-3972710054-930304531-4277621697-519","PrincipalType":"Group","RightName":"GenericAll","IsInherited":true},{"PrincipalSID":"RELIA.COM-S-1-5-32-544","PrincipalType":"Group","RightName":"WriteDacl","IsInherited":true},{"PrincipalSID":"RELIA.COM-S-1-5-32-544","PrincipalType":"Group","RightName":"WriteOwner","IsInherited":true},{"PrincipalSID":"RELIA.COM-S-1-5-32-544","PrincipalType":"Group","RightName":"GenericWrite","IsInherited":true}],"ObjectIdentifier":"RELIA.COM-S-1-5-32-554","IsDeleted":false,"IsACLProtected":false},{"Properties":{"domain":"RELIA.COM","name":"RAS AND IAS SERVERS@RELIA.COM","distinguishedname":"CN=RAS AND IAS SERVERS,CN=USERS,DC=RELIA,DC=COM","domainsid":"S-1-5-21-3972710054-930304531-4277621697","highvalue":false,"samaccountname":"RAS and IAS Servers","description":"Servers in this group can access remote access properties of users","whencreated":1665984271,"admincount":false},"Members":[],"Aces":[{"PrincipalSID":"S-1-5-21-3972710054-930304531-4277621697-512","PrincipalType":"Group","RightName":"Owns","IsInherited":false},{"PrincipalSID":"RELIA.COM-S-1-5-32-548","PrincipalType":"Group","RightName":"GenericAll","IsInherited":false},{"PrincipalSID":"S-1-5-21-3972710054-930304531-4277621697-512","PrincipalType":"Group","RightName":"GenericAll","IsInherited":false},{"PrincipalSID":"S-1-5-21-3972710054-930304531-4277621697-519","PrincipalType":"Group","RightName":"GenericAll","IsInherited":true},{"PrincipalSID":"RELIA.COM-S-1-5-32-544","PrincipalType":"Group","RightName":"WriteDacl","IsInherited":true},{"PrincipalSID":"RELIA.COM-S-1-5-32-544","PrincipalType":"Group","RightName":"WriteOwner","IsInherited":true},{"PrincipalSID":"RELIA.COM-S-1-5-32-544","PrincipalType":"Group","RightName":"GenericWrite","IsInherited":true}],"ObjectIdentifier":"S-1-5-21-3972710054-930304531-4277621697-553","IsDeleted":false,"IsACLProtected":false},{"Properties":{"domain":"RELIA.COM","name":"INTRANETRDP@RELIA.COM","distinguishedname":"CN=INTRANETRDP,CN=USERS,DC=RELIA,DC=COM","domainsid":"S-1-5-21-3972710054-930304531-4277621697","highvalue":false,"samaccountname":"INTRANETRDP","description":null,"whencreated":1665986136,"admincount":false},"Members":[{"ObjectIdentifier":"S-1-5-21-3972710054-930304531-4277621697-1105","ObjectType":"User"}],"Aces":[{"PrincipalSID":"S-1-5-21-3972710054-930304531-4277621697-512","PrincipalType":"Group","RightName":"Owns","IsInherited":false},{"PrincipalSID":"RELIA.COM-S-1-5-32-548","PrincipalType":"Group","RightName":"GenericAll","IsInherited":false},{"PrincipalSID":"S-1-5-21-3972710054-930304531-4277621697-512","PrincipalType":"Group","RightName":"GenericAll","IsInherited":false},{"PrincipalSID":"S-1-5-21-3972710054-930304531-4277621697-519","PrincipalType":"Group","RightName":"GenericAll","IsInherited":true},{"PrincipalSID":"RELIA.COM-S-1-5-32-544","PrincipalType":"Group","RightName":"WriteDacl","IsInherited":true},{"PrincipalSID":"RELIA.COM-S-1-5-32-544","PrincipalType":"Group","RightName":"WriteOwner","IsInherited":true},{"PrincipalSID":"RELIA.COM-S-1-5-32-544","PrincipalType":"Group","RightName":"GenericWrite","IsInherited":true}],"ObjectIdentifier":"S-1-5-21-3972710054-930304531-4277621697-1116","IsDeleted":false,"IsACLProtected":false},{"Properties":{"domain":"RELIA.COM","name":"WEBBYADMINS@RELIA.COM","distinguishedname":"CN=WEBBYADMINS,CN=USERS,DC=RELIA,DC=COM","domainsid":"S-1-5-21-3972710054-930304531-4277621697","highvalue":false,"samaccountname":"WEBBYADMINS","description":null,"whencreated":1665986167,"admincount":false},"Members":[{"ObjectIdentifier":"S-1-5-21-3972710054-930304531-4277621697-1110","ObjectType":"User"}],"Aces":[{"PrincipalSID":"S-1-5-21-3972710054-930304531-4277621697-512","PrincipalType":"Group","RightName":"Owns","IsInherited":false},{"PrincipalSID":"RELIA.COM-S-1-5-32-548","PrincipalType":"Group","RightName":"GenericAll","IsInherited":false},{"PrincipalSID":"S-1-5-21-3972710054-930304531-4277621697-512","PrincipalType":"Group","RightName":"GenericAll","IsInherited":false},{"PrincipalSID":"S-1-5-21-3972710054-930304531-4277621697-519","PrincipalType":"Group","RightName":"GenericAll","IsInherited":true},{"PrincipalSID":"RELIA.COM-S-1-5-32-544","PrincipalType":"Group","RightName":"WriteDacl","IsInherited":true},{"PrincipalSID":"RELIA.COM-S-1-5-32-544","PrincipalType":"Group","RightName":"WriteOwner","IsInherited":true},{"PrincipalSID":"RELIA.COM-S-1-5-32-544","PrincipalType":"Group","RightName":"GenericWrite","IsInherited":true}],"ObjectIdentifier":"S-1-5-21-3972710054-930304531-4277621697-1117","IsDeleted":false,"IsACLProtected":false},{"Properties":{"domain":"RELIA.COM","name":"ITADMINS@RELIA.COM","distinguishedname":"CN=ITADMINS,CN=USERS,DC=RELIA,DC=COM","domainsid":"S-1-5-21-3972710054-930304531-4277621697","highvalue":false,"samaccountname":"ITADMINS","description":null,"whencreated":1665986184,"admincount":false},"Members":[{"ObjectIdentifier":"S-1-5-21-3972710054-930304531-4277621697-1111","ObjectType":"User"}],"Aces":[{"PrincipalSID":"S-1-5-21-3972710054-930304531-4277621697-512","PrincipalType":"Group","RightName":"Owns","IsInherited":false},{"PrincipalSID":"RELIA.COM-S-1-5-32-548","PrincipalType":"Group","RightName":"GenericAll","IsInherited":false},{"PrincipalSID":"S-1-5-21-3972710054-930304531-4277621697-512","PrincipalType":"Group","RightName":"GenericAll","IsInherited":false},{"PrincipalSID":"S-1-5-21-3972710054-930304531-4277621697-519","PrincipalType":"Group","RightName":"GenericAll","IsInherited":true},{"PrincipalSID":"RELIA.COM-S-1-5-32-544","PrincipalType":"Group","RightName":"WriteDacl","IsInherited":true},{"PrincipalSID":"RELIA.COM-S-1-5-32-544","PrincipalType":"Group","RightName":"WriteOwner","IsInherited":true},{"PrincipalSID":"RELIA.COM-S-1-5-32-544","PrincipalType":"Group","RightName":"GenericWrite","IsInherited":true}],"ObjectIdentifier":"S-1-5-21-3972710054-930304531-4277621697-1118","IsDeleted":false,"IsACLProtected":false},{"Properties":{"domain":"RELIA.COM","name":"WKRDP@RELIA.COM","distinguishedname":"CN=WKRDP,CN=USERS,DC=RELIA,DC=COM","domainsid":"S-1-5-21-3972710054-930304531-4277621697","highvalue":false,"samaccountname":"WKRDP","description":null,"whencreated":1665986105,"admincount":false},"Members":[{"ObjectIdentifier":"S-1-5-21-3972710054-930304531-4277621697-1106","ObjectType":"User"}],"Aces":[{"PrincipalSID":"S-1-5-21-3972710054-930304531-4277621697-512","PrincipalType":"Group","RightName":"Owns","IsInherited":false},{"PrincipalSID":"RELIA.COM-S-1-5-32-548","PrincipalType":"Group","RightName":"GenericAll","IsInherited":false},{"PrincipalSID":"S-1-5-21-3972710054-930304531-4277621697-512","PrincipalType":"Group","RightName":"GenericAll","IsInherited":false},{"PrincipalSID":"S-1-5-21-3972710054-930304531-4277621697-519","PrincipalType":"Group","RightName":"GenericAll","IsInherited":true},{"PrincipalSID":"RELIA.COM-S-1-5-32-544","PrincipalType":"Group","RightName":"WriteDacl","IsInherited":true},{"PrincipalSID":"RELIA.COM-S-1-5-32-544","PrincipalType":"Group","RightName":"WriteOwner","IsInherited":true},{"PrincipalSID":"RELIA.COM-S-1-5-32-544","PrincipalType":"Group","RightName":"GenericWrite","IsInherited":true}],"ObjectIdentifier":"S-1-5-21-3972710054-930304531-4277621697-1115","IsDeleted":false,"IsACLProtected":false},{"Properties":{"domain":"RELIA.COM","name":"CERT PUBLISHERS@RELIA.COM","distinguishedname":"CN=CERT PUBLISHERS,CN=USERS,DC=RELIA,DC=COM","domainsid":"S-1-5-21-3972710054-930304531-4277621697","highvalue":false,"samaccountname":"Cert Publishers","description":"Members of this group are permitted to publish certificates to the directory","whencreated":1665984271,"admincount":false},"Members":[],"Aces":[{"PrincipalSID":"S-1-5-21-3972710054-930304531-4277621697-512","PrincipalType":"Group","RightName":"Owns","IsInherited":false},{"PrincipalSID":"RELIA.COM-S-1-5-32-548","PrincipalType":"Group","RightName":"GenericAll","IsInherited":false},{"PrincipalSID":"S-1-5-21-3972710054-930304531-4277621697-512","PrincipalType":"Group","RightName":"GenericAll","IsInherited":false},{"PrincipalSID":"S-1-5-21-3972710054-930304531-4277621697-519","PrincipalType":"Group","RightName":"GenericAll","IsInherited":true},{"PrincipalSID":"RELIA.COM-S-1-5-32-544","PrincipalType":"Group","RightName":"WriteDacl","IsInherited":true},{"PrincipalSID":"RELIA.COM-S-1-5-32-544","PrincipalType":"Group","RightName":"WriteOwner","IsInherited":true},{"PrincipalSID":"RELIA.COM-S-1-5-32-544","PrincipalType":"Group","RightName":"GenericWrite","IsInherited":true}],"ObjectIdentifier":"S-1-5-21-3972710054-930304531-4277621697-517","IsDeleted":false,"IsACLProtected":false},{"Properties":{"domain":"RELIA.COM","name":"STORAGE REPLICA ADMINISTRATORS@RELIA.COM","distinguishedname":"CN=STORAGE REPLICA ADMINISTRATORS,CN=BUILTIN,DC=RELIA,DC=COM","domainsid":"S-1-5-21-3972710054-930304531-4277621697","highvalue":false,"samaccountname":"Storage Replica Administrators","description":"Members of this group have complete and unrestricted access to all features of Storage Replica.","whencreated":1665984137,"admincount":false},"Members":[],"Aces":[{"PrincipalSID":"RELIA.COM-S-1-5-32-544","PrincipalType":"Group","RightName":"Owns","IsInherited":false},{"PrincipalSID":"RELIA.COM-S-1-5-32-548","PrincipalType":"Group","RightName":"GenericAll","IsInherited":false},{"PrincipalSID":"S-1-5-21-3972710054-930304531-4277621697-512","PrincipalType":"Group","RightName":"GenericAll","IsInherited":false},{"PrincipalSID":"S-1-5-21-3972710054-930304531-4277621697-519","PrincipalType":"Group","RightName":"GenericAll","IsInherited":true},{"PrincipalSID":"RELIA.COM-S-1-5-32-544","PrincipalType":"Group","RightName":"WriteDacl","IsInherited":true},{"PrincipalSID":"RELIA.COM-S-1-5-32-544","PrincipalType":"Group","RightName":"WriteOwner","IsInherited":true},{"PrincipalSID":"RELIA.COM-S-1-5-32-544","PrincipalType":"Group","RightName":"GenericWrite","IsInherited":true}],"ObjectIdentifier":"RELIA.COM-S-1-5-32-582","IsDeleted":false,"IsACLProtected":false},{"Properties":{"domain":"RELIA.COM","name":"DOMAIN GUESTS@RELIA.COM","distinguishedname":"CN=DOMAIN GUESTS,CN=USERS,DC=RELIA,DC=COM","domainsid":"S-1-5-21-3972710054-930304531-4277621697","highvalue":false,"samaccountname":"Domain Guests","description":"All domain guests","whencreated":1665984271,"admincount":false},"Members":[],"Aces":[{"PrincipalSID":"S-1-5-21-3972710054-930304531-4277621697-512","PrincipalType":"Group","RightName":"Owns","IsInherited":false},{"PrincipalSID":"RELIA.COM-S-1-5-32-548","PrincipalType":"Group","RightName":"GenericAll","IsInherited":false},{"PrincipalSID":"S-1-5-21-3972710054-930304531-4277621697-512","PrincipalType":"Group","RightName":"GenericAll","IsInherited":false},{"PrincipalSID":"S-1-5-21-3972710054-930304531-4277621697-519","PrincipalType":"Group","RightName":"GenericAll","IsInherited":true},{"PrincipalSID":"RELIA.COM-S-1-5-32-544","PrincipalType":"Group","RightName":"WriteDacl","IsInherited":true},{"PrincipalSID":"RELIA.COM-S-1-5-32-544","PrincipalType":"Group","RightName":"WriteOwner","IsInherited":true},{"PrincipalSID":"RELIA.COM-S-1-5-32-544","PrincipalType":"Group","RightName":"GenericWrite","IsInherited":true}],"ObjectIdentifier":"S-1-5-21-3972710054-930304531-4277621697-514","IsDeleted":false,"IsACLProtected":false},{"Properties":{"domain":"RELIA.COM","name":"ALLOWED RODC PASSWORD REPLICATION GROUP@RELIA.COM","distinguishedname":"CN=ALLOWED RODC PASSWORD REPLICATION GROUP,CN=USERS,DC=RELIA,DC=COM","domainsid":"S-1-5-21-3972710054-930304531-4277621697","highvalue":false,"samaccountname":"Allowed RODC Password Replication Group","description":"Members in this group can have their passwords replicated to all read-only domain controllers in the domain","whencreated":1665984271,"admincount":false},"Members":[],"Aces":[{"PrincipalSID":"S-1-5-21-3972710054-930304531-4277621697-512","PrincipalType":"Group","RightName":"Owns","IsInherited":false},{"PrincipalSID":"RELIA.COM-S-1-5-32-548","PrincipalType":"Group","RightName":"GenericAll","IsInherited":false},{"PrincipalSID":"S-1-5-21-3972710054-930304531-4277621697-512","PrincipalType":"Group","RightName":"GenericAll","IsInherited":false},{"PrincipalSID":"S-1-5-21-3972710054-930304531-4277621697-519","PrincipalType":"Group","RightName":"GenericAll","IsInherited":true},{"PrincipalSID":"RELIA.COM-S-1-5-32-544","PrincipalType":"Group","RightName":"WriteDacl","IsInherited":true},{"PrincipalSID":"RELIA.COM-S-1-5-32-544","PrincipalType":"Group","RightName":"WriteOwner","IsInherited":true},{"PrincipalSID":"RELIA.COM-S-1-5-32-544","PrincipalType":"Group","RightName":"GenericWrite","IsInherited":true}],"ObjectIdentifier":"S-1-5-21-3972710054-930304531-4277621697-571","IsDeleted":false,"IsACLProtected":false},{"Properties":{"domain":"RELIA.COM","name":"DISTRIBUTED COM USERS@RELIA.COM","distinguishedname":"CN=DISTRIBUTED COM USERS,CN=BUILTIN,DC=RELIA,DC=COM","domainsid":"S-1-5-21-3972710054-930304531-4277621697","highvalue":false,"samaccountname":"Distributed COM Users","description":"Members are allowed to launch, activate and use Distributed COM objects on this machine.","whencreated":1665984137,"admincount":false},"Members":[],"Aces":[{"PrincipalSID":"RELIA.COM-S-1-5-32-544","PrincipalType":"Group","RightName":"Owns","IsInherited":false},{"PrincipalSID":"RELIA.COM-S-1-5-32-548","PrincipalType":"Group","RightName":"GenericAll","IsInherited":false},{"PrincipalSID":"S-1-5-21-3972710054-930304531-4277621697-512","PrincipalType":"Group","RightName":"GenericAll","IsInherited":false},{"PrincipalSID":"S-1-5-21-3972710054-930304531-4277621697-519","PrincipalType":"Group","RightName":"GenericAll","IsInherited":true},{"PrincipalSID":"RELIA.COM-S-1-5-32-544","PrincipalType":"Group","RightName":"WriteDacl","IsInherited":true},{"PrincipalSID":"RELIA.COM-S-1-5-32-544","PrincipalType":"Group","RightName":"WriteOwner","IsInherited":true},{"PrincipalSID":"RELIA.COM-S-1-5-32-544","PrincipalType":"Group","RightName":"GenericWrite","IsInherited":true}],"ObjectIdentifier":"RELIA.COM-S-1-5-32-562","IsDeleted":false,"IsACLProtected":false},{"Properties":{"domain":"RELIA.COM","name":"HYPER-V ADMINISTRATORS@RELIA.COM","distinguishedname":"CN=HYPER-V ADMINISTRATORS,CN=BUILTIN,DC=RELIA,DC=COM","domainsid":"S-1-5-21-3972710054-930304531-4277621697","highvalue":false,"samaccountname":"Hyper-V Administrators","description":"Members of this group have complete and unrestricted access to all features of Hyper-V.","whencreated":1665984137,"admincount":false},"Members":[],"Aces":[{"PrincipalSID":"RELIA.COM-S-1-5-32-544","PrincipalType":"Group","RightName":"Owns","IsInherited":false},{"PrincipalSID":"RELIA.COM-S-1-5-32-548","PrincipalType":"Group","RightName":"GenericAll","IsInherited":false},{"PrincipalSID":"S-1-5-21-3972710054-930304531-4277621697-512","PrincipalType":"Group","RightName":"GenericAll","IsInherited":false},{"PrincipalSID":"S-1-5-21-3972710054-930304531-4277621697-519","PrincipalType":"Group","RightName":"GenericAll","IsInherited":true},{"PrincipalSID":"RELIA.COM-S-1-5-32-544","PrincipalType":"Group","RightName":"WriteDacl","IsInherited":true},{"PrincipalSID":"RELIA.COM-S-1-5-32-544","PrincipalType":"Group","RightName":"WriteOwner","IsInherited":true},{"PrincipalSID":"RELIA.COM-S-1-5-32-544","PrincipalType":"Group","RightName":"GenericWrite","IsInherited":true}],"ObjectIdentifier":"RELIA.COM-S-1-5-32-578","IsDeleted":false,"IsACLProtected":false},{"Properties":{"domain":"RELIA.COM","name":"WINDOWS AUTHORIZATION ACCESS GROUP@RELIA.COM","distinguishedname":"CN=WINDOWS AUTHORIZATION ACCESS GROUP,CN=BUILTIN,DC=RELIA,DC=COM","domainsid":"S-1-5-21-3972710054-930304531-4277621697","highvalue":false,"samaccountname":"Windows Authorization Access Group","description":"Members of this group have access to the computed tokenGroupsGlobalAndUniversal attribute on User objects","whencreated":1665984271,"admincount":false},"Members":[{"ObjectIdentifier":"RELIA.COM-S-1-5-9","ObjectType":"Group"}],"Aces":[{"PrincipalSID":"S-1-5-21-3972710054-930304531-4277621697-512","PrincipalType":"Group","RightName":"Owns","IsInherited":false},{"PrincipalSID":"RELIA.COM-S-1-5-32-548","PrincipalType":"Group","RightName":"GenericAll","IsInherited":false},{"PrincipalSID":"S-1-5-21-3972710054-930304531-4277621697-512","PrincipalType":"Group","RightName":"GenericAll","IsInherited":false},{"PrincipalSID":"S-1-5-21-3972710054-930304531-4277621697-519","PrincipalType":"Group","RightName":"GenericAll","IsInherited":true},{"PrincipalSID":"RELIA.COM-S-1-5-32-544","PrincipalType":"Group","RightName":"WriteDacl","IsInherited":true},{"PrincipalSID":"RELIA.COM-S-1-5-32-544","PrincipalType":"Group","RightName":"WriteOwner","IsInherited":true},{"PrincipalSID":"RELIA.COM-S-1-5-32-544","PrincipalType":"Group","RightName":"GenericWrite","IsInherited":true}],"ObjectIdentifier":"RELIA.COM-S-1-5-32-560","IsDeleted":false,"IsACLProtected":false},{"Properties":{"domain":"RELIA.COM","name":"RDS MANAGEMENT SERVERS@RELIA.COM","distinguishedname":"CN=RDS MANAGEMENT SERVERS,CN=BUILTIN,DC=RELIA,DC=COM","domainsid":"S-1-5-21-3972710054-930304531-4277621697","highvalue":false,"samaccountname":"RDS Management Servers","description":"Servers in this group can perform routine administrative actions on servers running Remote Desktop Services. This group needs to be populated on all servers in a Remote Desktop Services deployment. The servers running the RDS Central Management service must be included in this group.","whencreated":1665984137,"admincount":false},"Members":[],"Aces":[{"PrincipalSID":"RELIA.COM-S-1-5-32-544","PrincipalType":"Group","RightName":"Owns","IsInherited":false},{"PrincipalSID":"RELIA.COM-S-1-5-32-548","PrincipalType":"Group","RightName":"GenericAll","IsInherited":false},{"PrincipalSID":"S-1-5-21-3972710054-930304531-4277621697-512","PrincipalType":"Group","RightName":"GenericAll","IsInherited":false},{"PrincipalSID":"S-1-5-21-3972710054-930304531-4277621697-519","PrincipalType":"Group","RightName":"GenericAll","IsInherited":true},{"PrincipalSID":"RELIA.COM-S-1-5-32-544","PrincipalType":"Group","RightName":"WriteDacl","IsInherited":true},{"PrincipalSID":"RELIA.COM-S-1-5-32-544","PrincipalType":"Group","RightName":"WriteOwner","IsInherited":true},{"PrincipalSID":"RELIA.COM-S-1-5-32-544","PrincipalType":"Group","RightName":"GenericWrite","IsInherited":true}],"ObjectIdentifier":"RELIA.COM-S-1-5-32-577","IsDeleted":false,"IsACLProtected":false},{"Properties":{"domain":"RELIA.COM","name":"RDS REMOTE ACCESS SERVERS@RELIA.COM","distinguishedname":"CN=RDS REMOTE ACCESS SERVERS,CN=BUILTIN,DC=RELIA,DC=COM","domainsid":"S-1-5-21-3972710054-930304531-4277621697","highvalue":false,"samaccountname":"RDS Remote Access Servers","description":"Servers in this group enable users of RemoteApp programs and personal virtual desktops access to these resources. In Internet-facing deployments, these servers are typically deployed in an edge network. This group needs to be populated on servers running RD Connection Broker. RD Gateway servers and RD Web Access servers used in the deployment need to be in this group.","whencreated":1665984137,"admincount":false},"Members":[],"Aces":[{"PrincipalSID":"RELIA.COM-S-1-5-32-544","PrincipalType":"Group","RightName":"Owns","IsInherited":false},{"PrincipalSID":"RELIA.COM-S-1-5-32-548","PrincipalType":"Group","RightName":"GenericAll","IsInherited":false},{"PrincipalSID":"S-1-5-21-3972710054-930304531-4277621697-512","PrincipalType":"Group","RightName":"GenericAll","IsInherited":false},{"PrincipalSID":"S-1-5-21-3972710054-930304531-4277621697-519","PrincipalType":"Group","RightName":"GenericAll","IsInherited":true},{"PrincipalSID":"RELIA.COM-S-1-5-32-544","PrincipalType":"Group","RightName":"WriteDacl","IsInherited":true},{"PrincipalSID":"RELIA.COM-S-1-5-32-544","PrincipalType":"Group","RightName":"WriteOwner","IsInherited":true},{"PrincipalSID":"RELIA.COM-S-1-5-32-544","PrincipalType":"Group","RightName":"GenericWrite","IsInherited":true}],"ObjectIdentifier":"RELIA.COM-S-1-5-32-575","IsDeleted":false,"IsACLProtected":false},{"Properties":{"domain":"RELIA.COM","name":"CRYPTOGRAPHIC OPERATORS@RELIA.COM","distinguishedname":"CN=CRYPTOGRAPHIC OPERATORS,CN=BUILTIN,DC=RELIA,DC=COM","domainsid":"S-1-5-21-3972710054-930304531-4277621697","highvalue":false,"samaccountname":"Cryptographic Operators","description":"Members are authorized to perform cryptographic operations.","whencreated":1665984137,"admincount":false},"Members":[],"Aces":[{"PrincipalSID":"RELIA.COM-S-1-5-32-544","PrincipalType":"Group","RightName":"Owns","IsInherited":false},{"PrincipalSID":"RELIA.COM-S-1-5-32-548","PrincipalType":"Group","RightName":"GenericAll","IsInherited":false},{"PrincipalSID":"S-1-5-21-3972710054-930304531-4277621697-512","PrincipalType":"Group","RightName":"GenericAll","IsInherited":false},{"PrincipalSID":"S-1-5-21-3972710054-930304531-4277621697-519","PrincipalType":"Group","RightName":"GenericAll","IsInherited":true},{"PrincipalSID":"RELIA.COM-S-1-5-32-544","PrincipalType":"Group","RightName":"WriteDacl","IsInherited":true},{"PrincipalSID":"RELIA.COM-S-1-5-32-544","PrincipalType":"Group","RightName":"WriteOwner","IsInherited":true},{"PrincipalSID":"RELIA.COM-S-1-5-32-544","PrincipalType":"Group","RightName":"GenericWrite","IsInherited":true}],"ObjectIdentifier":"RELIA.COM-S-1-5-32-569","IsDeleted":false,"IsACLProtected":false},{"Properties":{"domain":"RELIA.COM","name":"REMOTE MANAGEMENT USERS@RELIA.COM","distinguishedname":"CN=REMOTE MANAGEMENT USERS,CN=BUILTIN,DC=RELIA,DC=COM","domainsid":"S-1-5-21-3972710054-930304531-4277621697","highvalue":false,"samaccountname":"Remote Management Users","description":"Members of this group can access WMI resources over management protocols (such as WS-Management via the Windows Remote Management service). This applies only to WMI namespaces that grant access to the user.","whencreated":1665984137,"admincount":false},"Members":[],"Aces":[{"PrincipalSID":"RELIA.COM-S-1-5-32-544","PrincipalType":"Group","RightName":"Owns","IsInherited":false},{"PrincipalSID":"RELIA.COM-S-1-5-32-548","PrincipalType":"Group","RightName":"GenericAll","IsInherited":false},{"PrincipalSID":"S-1-5-21-3972710054-930304531-4277621697-512","PrincipalType":"Group","RightName":"GenericAll","IsInherited":false},{"PrincipalSID":"S-1-5-21-3972710054-930304531-4277621697-519","PrincipalType":"Group","RightName":"GenericAll","IsInherited":true},{"PrincipalSID":"RELIA.COM-S-1-5-32-544","PrincipalType":"Group","RightName":"WriteDacl","IsInherited":true},{"PrincipalSID":"RELIA.COM-S-1-5-32-544","PrincipalType":"Group","RightName":"WriteOwner","IsInherited":true},{"PrincipalSID":"RELIA.COM-S-1-5-32-544","PrincipalType":"Group","RightName":"GenericWrite","IsInherited":true}],"ObjectIdentifier":"RELIA.COM-S-1-5-32-580","IsDeleted":false,"IsACLProtected":false},{"Properties":{"domain":"RELIA.COM","name":"DENIED RODC PASSWORD REPLICATION GROUP@RELIA.COM","distinguishedname":"CN=DENIED RODC PASSWORD REPLICATION GROUP,CN=USERS,DC=RELIA,DC=COM","domainsid":"S-1-5-21-3972710054-930304531-4277621697","highvalue":false,"samaccountname":"Denied RODC Password Replication Group","description":"Members in this group cannot have their passwords replicated to any read-only domain controllers in the domain","whencreated":1665984271,"admincount":false},"Members":[{"ObjectIdentifier":"S-1-5-21-3972710054-930304531-4277621697-521","ObjectType":"Group"},{"ObjectIdentifier":"S-1-5-21-3972710054-930304531-4277621697-520","ObjectType":"Group"},{"ObjectIdentifier":"S-1-5-21-3972710054-930304531-4277621697-512","ObjectType":"Group"},{"ObjectIdentifier":"S-1-5-21-3972710054-930304531-4277621697-517","ObjectType":"Group"},{"ObjectIdentifier":"S-1-5-21-3972710054-930304531-4277621697-519","ObjectType":"Group"},{"ObjectIdentifier":"S-1-5-21-3972710054-930304531-4277621697-518","ObjectType":"Group"},{"ObjectIdentifier":"S-1-5-21-3972710054-930304531-4277621697-516","ObjectType":"Group"},{"ObjectIdentifier":"S-1-5-21-3972710054-930304531-4277621697-502","ObjectType":"User"}],"Aces":[{"PrincipalSID":"S-1-5-21-3972710054-930304531-4277621697-512","PrincipalType":"Group","RightName":"Owns","IsInherited":false},{"PrincipalSID":"RELIA.COM-S-1-5-32-548","PrincipalType":"Group","RightName":"GenericAll","IsInherited":false},{"PrincipalSID":"S-1-5-21-3972710054-930304531-4277621697-512","PrincipalType":"Group","RightName":"GenericAll","IsInherited":false},{"PrincipalSID":"S-1-5-21-3972710054-930304531-4277621697-519","PrincipalType":"Group","RightName":"GenericAll","IsInherited":true},{"PrincipalSID":"RELIA.COM-S-1-5-32-544","PrincipalType":"Group","RightName":"WriteDacl","IsInherited":true},{"PrincipalSID":"RELIA.COM-S-1-5-32-544","PrincipalType":"Group","RightName":"WriteOwner","IsInherited":true},{"PrincipalSID":"RELIA.COM-S-1-5-32-544","PrincipalType":"Group","RightName":"GenericWrite","IsInherited":true}],"ObjectIdentifier":"S-1-5-21-3972710054-930304531-4277621697-572","IsDeleted":false,"IsACLProtected":false},{"Properties":{"domain":"RELIA.COM","name":"NETWORK CONFIGURATION OPERATORS@RELIA.COM","distinguishedname":"CN=NETWORK CONFIGURATION OPERATORS,CN=BUILTIN,DC=RELIA,DC=COM","domainsid":"S-1-5-21-3972710054-930304531-4277621697","highvalue":false,"samaccountname":"Network Configuration Operators","description":"Members in this group can have some administrative privileges to manage configuration of networking features","whencreated":1665984137,"admincount":false},"Members":[],"Aces":[{"PrincipalSID":"RELIA.COM-S-1-5-32-544","PrincipalType":"Group","RightName":"Owns","IsInherited":false},{"PrincipalSID":"RELIA.COM-S-1-5-32-548","PrincipalType":"Group","RightName":"GenericAll","IsInherited":false},{"PrincipalSID":"S-1-5-21-3972710054-930304531-4277621697-512","PrincipalType":"Group","RightName":"GenericAll","IsInherited":false},{"PrincipalSID":"S-1-5-21-3972710054-930304531-4277621697-519","PrincipalType":"Group","RightName":"GenericAll","IsInherited":true},{"PrincipalSID":"RELIA.COM-S-1-5-32-544","PrincipalType":"Group","RightName":"WriteDacl","IsInherited":true},{"PrincipalSID":"RELIA.COM-S-1-5-32-544","PrincipalType":"Group","RightName":"WriteOwner","IsInherited":true},{"PrincipalSID":"RELIA.COM-S-1-5-32-544","PrincipalType":"Group","RightName":"GenericWrite","IsInherited":true}],"ObjectIdentifier":"RELIA.COM-S-1-5-32-556","IsDeleted":false,"IsACLProtected":false},{"Properties":{"domain":"RELIA.COM","name":"INCOMING FOREST TRUST BUILDERS@RELIA.COM","distinguishedname":"CN=INCOMING FOREST TRUST BUILDERS,CN=BUILTIN,DC=RELIA,DC=COM","domainsid":"S-1-5-21-3972710054-930304531-4277621697","highvalue":false,"samaccountname":"Incoming Forest Trust Builders","description":"Members of this group can create incoming, one-way trusts to this forest","whencreated":1665984271,"admincount":false},"Members":[],"Aces":[{"PrincipalSID":"S-1-5-21-3972710054-930304531-4277621697-512","PrincipalType":"Group","RightName":"Owns","IsInherited":false},{"PrincipalSID":"RELIA.COM-S-1-5-32-548","PrincipalType":"Group","RightName":"GenericAll","IsInherited":false},{"PrincipalSID":"S-1-5-21-3972710054-930304531-4277621697-512","PrincipalType":"Group","RightName":"GenericAll","IsInherited":false},{"PrincipalSID":"S-1-5-21-3972710054-930304531-4277621697-519","PrincipalType":"Group","RightName":"GenericAll","IsInherited":true},{"PrincipalSID":"RELIA.COM-S-1-5-32-544","PrincipalType":"Group","RightName":"WriteDacl","IsInherited":true},{"PrincipalSID":"RELIA.COM-S-1-5-32-544","PrincipalType":"Group","RightName":"WriteOwner","IsInherited":true},{"PrincipalSID":"RELIA.COM-S-1-5-32-544","PrincipalType":"Group","RightName":"GenericWrite","IsInherited":true}],"ObjectIdentifier":"RELIA.COM-S-1-5-32-557","IsDeleted":false,"IsACLProtected":false},{"Properties":{"domain":"RELIA.COM","name":"CERTIFICATE SERVICE DCOM ACCESS@RELIA.COM","distinguishedname":"CN=CERTIFICATE SERVICE DCOM ACCESS,CN=BUILTIN,DC=RELIA,DC=COM","domainsid":"S-1-5-21-3972710054-930304531-4277621697","highvalue":false,"samaccountname":"Certificate Service DCOM Access","description":"Members of this group are allowed to connect to Certification Authorities in the enterprise","whencreated":1665984137,"admincount":false},"Members":[],"Aces":[{"PrincipalSID":"RELIA.COM-S-1-5-32-544","PrincipalType":"Group","RightName":"Owns","IsInherited":false},{"PrincipalSID":"RELIA.COM-S-1-5-32-548","PrincipalType":"Group","RightName":"GenericAll","IsInherited":false},{"PrincipalSID":"S-1-5-21-3972710054-930304531-4277621697-512","PrincipalType":"Group","RightName":"GenericAll","IsInherited":false},{"PrincipalSID":"S-1-5-21-3972710054-930304531-4277621697-519","PrincipalType":"Group","RightName":"GenericAll","IsInherited":true},{"PrincipalSID":"RELIA.COM-S-1-5-32-544","PrincipalType":"Group","RightName":"WriteDacl","IsInherited":true},{"PrincipalSID":"RELIA.COM-S-1-5-32-544","PrincipalType":"Group","RightName":"WriteOwner","IsInherited":true},{"PrincipalSID":"RELIA.COM-S-1-5-32-544","PrincipalType":"Group","RightName":"GenericWrite","IsInherited":true}],"ObjectIdentifier":"RELIA.COM-S-1-5-32-574","IsDeleted":false,"IsACLProtected":false},{"Properties":{"domain":"RELIA.COM","name":"DOMAIN USERS@RELIA.COM","distinguishedname":"CN=DOMAIN USERS,CN=USERS,DC=RELIA,DC=COM","domainsid":"S-1-5-21-3972710054-930304531-4277621697","highvalue":false,"samaccountname":"Domain Users","description":"All domain users","whencreated":1665984271,"admincount":false},"Members":[],"Aces":[{"PrincipalSID":"S-1-5-21-3972710054-930304531-4277621697-512","PrincipalType":"Group","RightName":"Owns","IsInherited":false},{"PrincipalSID":"RELIA.COM-S-1-5-32-548","PrincipalType":"Group","RightName":"GenericAll","IsInherited":false},{"PrincipalSID":"S-1-5-21-3972710054-930304531-4277621697-512","PrincipalType":"Group","RightName":"GenericAll","IsInherited":false},{"PrincipalSID":"S-1-5-21-3972710054-930304531-4277621697-519","PrincipalType":"Group","RightName":"GenericAll","IsInherited":true},{"PrincipalSID":"RELIA.COM-S-1-5-32-544","PrincipalType":"Group","RightName":"WriteDacl","IsInherited":true},{"PrincipalSID":"RELIA.COM-S-1-5-32-544","PrincipalType":"Group","RightName":"WriteOwner","IsInherited":true},{"PrincipalSID":"RELIA.COM-S-1-5-32-544","PrincipalType":"Group","RightName":"GenericWrite","IsInherited":true}],"ObjectIdentifier":"S-1-5-21-3972710054-930304531-4277621697-513","IsDeleted":false,"IsACLProtected":false},{"Properties":{"domain":"RELIA.COM","name":"READ-ONLY DOMAIN CONTROLLERS@RELIA.COM","distinguishedname":"CN=READ-ONLY DOMAIN CONTROLLERS,CN=USERS,DC=RELIA,DC=COM","domainsid":"S-1-5-21-3972710054-930304531-4277621697","highvalue":false,"samaccountname":"Read-only Domain Controllers","description":"Members of this group are Read-Only Domain Controllers in the domain","whencreated":1665984271,"admincount":true},"Members":[],"Aces":[{"PrincipalSID":"S-1-5-21-3972710054-930304531-4277621697-512","PrincipalType":"Group","RightName":"Owns","IsInherited":false},{"PrincipalSID":"RELIA.COM-S-1-5-32-544","PrincipalType":"Group","RightName":"WriteDacl","IsInherited":false},{"PrincipalSID":"RELIA.COM-S-1-5-32-544","PrincipalType":"Group","RightName":"WriteOwner","IsInherited":false},{"PrincipalSID":"RELIA.COM-S-1-5-32-544","PrincipalType":"Group","RightName":"GenericWrite","IsInherited":false},{"PrincipalSID":"S-1-5-21-3972710054-930304531-4277621697-512","PrincipalType":"Group","RightName":"WriteDacl","IsInherited":false},{"PrincipalSID":"S-1-5-21-3972710054-930304531-4277621697-512","PrincipalType":"Group","RightName":"WriteOwner","IsInherited":false},{"PrincipalSID":"S-1-5-21-3972710054-930304531-4277621697-512","PrincipalType":"Group","RightName":"GenericWrite","IsInherited":false},{"PrincipalSID":"S-1-5-21-3972710054-930304531-4277621697-519","PrincipalType":"Group","RightName":"WriteDacl","IsInherited":false},{"PrincipalSID":"S-1-5-21-3972710054-930304531-4277621697-519","PrincipalType":"Group","RightName":"WriteOwner","IsInherited":false},{"PrincipalSID":"S-1-5-21-3972710054-930304531-4277621697-519","PrincipalType":"Group","RightName":"GenericWrite","IsInherited":false}],"ObjectIdentifier":"S-1-5-21-3972710054-930304531-4277621697-521","IsDeleted":false,"IsACLProtected":true},{"Properties":{"domain":"RELIA.COM","name":"PERFORMANCE MONITOR USERS@RELIA.COM","distinguishedname":"CN=PERFORMANCE MONITOR USERS,CN=BUILTIN,DC=RELIA,DC=COM","domainsid":"S-1-5-21-3972710054-930304531-4277621697","highvalue":false,"samaccountname":"Performance Monitor Users","description":"Members of this group can access performance counter data locally and remotely","whencreated":1665984137,"admincount":false},"Members":[],"Aces":[{"PrincipalSID":"RELIA.COM-S-1-5-32-544","PrincipalType":"Group","RightName":"Owns","IsInherited":false},{"PrincipalSID":"RELIA.COM-S-1-5-32-548","PrincipalType":"Group","RightName":"GenericAll","IsInherited":false},{"PrincipalSID":"S-1-5-21-3972710054-930304531-4277621697-512","PrincipalType":"Group","RightName":"GenericAll","IsInherited":false},{"PrincipalSID":"S-1-5-21-3972710054-930304531-4277621697-519","PrincipalType":"Group","RightName":"GenericAll","IsInherited":true},{"PrincipalSID":"RELIA.COM-S-1-5-32-544","PrincipalType":"Group","RightName":"WriteDacl","IsInherited":true},{"PrincipalSID":"RELIA.COM-S-1-5-32-544","PrincipalType":"Group","RightName":"WriteOwner","IsInherited":true},{"PrincipalSID":"RELIA.COM-S-1-5-32-544","PrincipalType":"Group","RightName":"GenericWrite","IsInherited":true}],"ObjectIdentifier":"RELIA.COM-S-1-5-32-558","IsDeleted":false,"IsACLProtected":false},{"Properties":{"domain":"RELIA.COM","name":"ENTERPRISE READ-ONLY DOMAIN CONTROLLERS@RELIA.COM","distinguishedname":"CN=ENTERPRISE READ-ONLY DOMAIN CONTROLLERS,CN=USERS,DC=RELIA,DC=COM","domainsid":"S-1-5-21-3972710054-930304531-4277621697","highvalue":false,"samaccountname":"Enterprise Read-only Domain Controllers","description":"Members of this group are Read-Only Domain Controllers in the enterprise","whencreated":1665984271,"admincount":false},"Members":[],"Aces":[{"PrincipalSID":"S-1-5-21-3972710054-930304531-4277621697-512","PrincipalType":"Group","RightName":"Owns","IsInherited":false},{"PrincipalSID":"RELIA.COM-S-1-5-32-548","PrincipalType":"Group","RightName":"GenericAll","IsInherited":false},{"PrincipalSID":"S-1-5-21-3972710054-930304531-4277621697-512","PrincipalType":"Group","RightName":"GenericAll","IsInherited":false},{"PrincipalSID":"S-1-5-21-3972710054-930304531-4277621697-519","PrincipalType":"Group","RightName":"GenericAll","IsInherited":true},{"PrincipalSID":"RELIA.COM-S-1-5-32-544","PrincipalType":"Group","RightName":"WriteDacl","IsInherited":true},{"PrincipalSID":"RELIA.COM-S-1-5-32-544","PrincipalType":"Group","RightName":"WriteOwner","IsInherited":true},{"PrincipalSID":"RELIA.COM-S-1-5-32-544","PrincipalType":"Group","RightName":"GenericWrite","IsInherited":true}],"ObjectIdentifier":"S-1-5-21-3972710054-930304531-4277621697-498","IsDeleted":false,"IsACLProtected":false},{"Properties":{"domain":"RELIA.COM","name":"REMOTE DESKTOP USERS@RELIA.COM","distinguishedname":"CN=REMOTE DESKTOP USERS,CN=BUILTIN,DC=RELIA,DC=COM","domainsid":"S-1-5-21-3972710054-930304531-4277621697","highvalue":false,"samaccountname":"Remote Desktop Users","description":"Members in this group are granted the right to logon remotely","whencreated":1665984137,"admincount":false},"Members":[],"Aces":[{"PrincipalSID":"RELIA.COM-S-1-5-32-544","PrincipalType":"Group","RightName":"Owns","IsInherited":false},{"PrincipalSID":"RELIA.COM-S-1-5-32-548","PrincipalType":"Group","RightName":"GenericAll","IsInherited":false},{"PrincipalSID":"S-1-5-21-3972710054-930304531-4277621697-512","PrincipalType":"Group","RightName":"GenericAll","IsInherited":false},{"PrincipalSID":"S-1-5-21-3972710054-930304531-4277621697-519","PrincipalType":"Group","RightName":"GenericAll","IsInherited":true},{"PrincipalSID":"RELIA.COM-S-1-5-32-544","PrincipalType":"Group","RightName":"WriteDacl","IsInherited":true},{"PrincipalSID":"RELIA.COM-S-1-5-32-544","PrincipalType":"Group","RightName":"WriteOwner","IsInherited":true},{"PrincipalSID":"RELIA.COM-S-1-5-32-544","PrincipalType":"Group","RightName":"GenericWrite","IsInherited":true}],"ObjectIdentifier":"RELIA.COM-S-1-5-32-555","IsDeleted":false,"IsACLProtected":false},{"Properties":{"domain":"RELIA.COM","name":"CLONEABLE DOMAIN CONTROLLERS@RELIA.COM","distinguishedname":"CN=CLONEABLE DOMAIN CONTROLLERS,CN=USERS,DC=RELIA,DC=COM","domainsid":"S-1-5-21-3972710054-930304531-4277621697","highvalue":false,"samaccountname":"Cloneable Domain Controllers","description":"Members of this group that are domain controllers may be cloned.","whencreated":1665984271,"admincount":false},"Members":[],"Aces":[{"PrincipalSID":"S-1-5-21-3972710054-930304531-4277621697-512","PrincipalType":"Group","RightName":"Owns","IsInherited":false},{"PrincipalSID":"RELIA.COM-S-1-5-32-548","PrincipalType":"Group","RightName":"GenericAll","IsInherited":false},{"PrincipalSID":"S-1-5-21-3972710054-930304531-4277621697-512","PrincipalType":"Group","RightName":"GenericAll","IsInherited":false},{"PrincipalSID":"S-1-5-21-3972710054-930304531-4277621697-519","PrincipalType":"Group","RightName":"GenericAll","IsInherited":true},{"PrincipalSID":"RELIA.COM-S-1-5-32-544","PrincipalType":"Group","RightName":"WriteDacl","IsInherited":true},{"PrincipalSID":"RELIA.COM-S-1-5-32-544","PrincipalType":"Group","RightName":"WriteOwner","IsInherited":true},{"PrincipalSID":"RELIA.COM-S-1-5-32-544","PrincipalType":"Group","RightName":"GenericWrite","IsInherited":true}],"ObjectIdentifier":"S-1-5-21-3972710054-930304531-4277621697-522","IsDeleted":false,"IsACLProtected":false},{"Properties":{"domain":"RELIA.COM","name":"PROTECTED USERS@RELIA.COM","distinguishedname":"CN=PROTECTED USERS,CN=USERS,DC=RELIA,DC=COM","domainsid":"S-1-5-21-3972710054-930304531-4277621697","highvalue":false,"samaccountname":"Protected Users","description":"Members of this group are afforded additional protections against authentication security threats. See http://go.microsoft.com/fwlink/?LinkId=298939 for more information.","whencreated":1665984271,"admincount":false},"Members":[],"Aces":[{"PrincipalSID":"S-1-5-21-3972710054-930304531-4277621697-512","PrincipalType":"Group","RightName":"Owns","IsInherited":false},{"PrincipalSID":"RELIA.COM-S-1-5-32-548","PrincipalType":"Group","RightName":"GenericAll","IsInherited":false},{"PrincipalSID":"S-1-5-21-3972710054-930304531-4277621697-512","PrincipalType":"Group","RightName":"GenericAll","IsInherited":false},{"PrincipalSID":"S-1-5-21-3972710054-930304531-4277621697-519","PrincipalType":"Group","RightName":"GenericAll","IsInherited":true},{"PrincipalSID":"RELIA.COM-S-1-5-32-544","PrincipalType":"Group","RightName":"WriteDacl","IsInherited":true},{"PrincipalSID":"RELIA.COM-S-1-5-32-544","PrincipalType":"Group","RightName":"WriteOwner","IsInherited":true},{"PrincipalSID":"RELIA.COM-S-1-5-32-544","PrincipalType":"Group","RightName":"GenericWrite","IsInherited":true}],"ObjectIdentifier":"S-1-5-21-3972710054-930304531-4277621697-525","IsDeleted":false,"IsACLProtected":false},{"Properties":{"domain":"RELIA.COM","name":"KEY ADMINS@RELIA.COM","distinguishedname":"CN=KEY ADMINS,CN=USERS,DC=RELIA,DC=COM","domainsid":"S-1-5-21-3972710054-930304531-4277621697","highvalue":false,"samaccountname":"Key Admins","description":"Members of this group can perform administrative actions on key objects within the domain.","whencreated":1665984271,"admincount":true},"Members":[],"Aces":[{"PrincipalSID":"S-1-5-21-3972710054-930304531-4277621697-512","PrincipalType":"Group","RightName":"Owns","IsInherited":false},{"PrincipalSID":"RELIA.COM-S-1-5-32-544","PrincipalType":"Group","RightName":"WriteDacl","IsInherited":false},{"PrincipalSID":"RELIA.COM-S-1-5-32-544","PrincipalType":"Group","RightName":"WriteOwner","IsInherited":false},{"PrincipalSID":"RELIA.COM-S-1-5-32-544","PrincipalType":"Group","RightName":"GenericWrite","IsInherited":false},{"PrincipalSID":"S-1-5-21-3972710054-930304531-4277621697-512","PrincipalType":"Group","RightName":"WriteDacl","IsInherited":false},{"PrincipalSID":"S-1-5-21-3972710054-930304531-4277621697-512","PrincipalType":"Group","RightName":"WriteOwner","IsInherited":false},{"PrincipalSID":"S-1-5-21-3972710054-930304531-4277621697-512","PrincipalType":"Group","RightName":"GenericWrite","IsInherited":false},{"PrincipalSID":"S-1-5-21-3972710054-930304531-4277621697-519","PrincipalType":"Group","RightName":"WriteDacl","IsInherited":false},{"PrincipalSID":"S-1-5-21-3972710054-930304531-4277621697-519","PrincipalType":"Group","RightName":"WriteOwner","IsInherited":false},{"PrincipalSID":"S-1-5-21-3972710054-930304531-4277621697-519","PrincipalType":"Group","RightName":"GenericWrite","IsInherited":false}],"ObjectIdentifier":"S-1-5-21-3972710054-930304531-4277621697-526","IsDeleted":false,"IsACLProtected":true},{"Properties":{"domain":"RELIA.COM","name":"EVENT LOG READERS@RELIA.COM","distinguishedname":"CN=EVENT LOG READERS,CN=BUILTIN,DC=RELIA,DC=COM","domainsid":"S-1-5-21-3972710054-930304531-4277621697","highvalue":false,"samaccountname":"Event Log Readers","description":"Members of this group can read event logs from local machine","whencreated":1665984137,"admincount":false},"Members":[],"Aces":[{"PrincipalSID":"RELIA.COM-S-1-5-32-544","PrincipalType":"Group","RightName":"Owns","IsInherited":false},{"PrincipalSID":"RELIA.COM-S-1-5-32-548","PrincipalType":"Group","RightName":"GenericAll","IsInherited":false},{"PrincipalSID":"S-1-5-21-3972710054-930304531-4277621697-512","PrincipalType":"Group","RightName":"GenericAll","IsInherited":false},{"PrincipalSID":"S-1-5-21-3972710054-930304531-4277621697-519","PrincipalType":"Group","RightName":"GenericAll","IsInherited":true},{"PrincipalSID":"RELIA.COM-S-1-5-32-544","PrincipalType":"Group","RightName":"WriteDacl","IsInherited":true},{"PrincipalSID":"RELIA.COM-S-1-5-32-544","PrincipalType":"Group","RightName":"WriteOwner","IsInherited":true},{"PrincipalSID":"RELIA.COM-S-1-5-32-544","PrincipalType":"Group","RightName":"GenericWrite","IsInherited":true}],"ObjectIdentifier":"RELIA.COM-S-1-5-32-573","IsDeleted":false,"IsACLProtected":false},{"Properties":{"domain":"RELIA.COM","name":"ENTERPRISE KEY ADMINS@RELIA.COM","distinguishedname":"CN=ENTERPRISE KEY ADMINS,CN=USERS,DC=RELIA,DC=COM","domainsid":"S-1-5-21-3972710054-930304531-4277621697","highvalue":false,"samaccountname":"Enterprise Key Admins","description":"Members of this group can perform administrative actions on key objects within the forest.","whencreated":1665984271,"admincount":true},"Members":[],"Aces":[{"PrincipalSID":"S-1-5-21-3972710054-930304531-4277621697-512","PrincipalType":"Group","RightName":"Owns","IsInherited":false},{"PrincipalSID":"RELIA.COM-S-1-5-32-544","PrincipalType":"Group","RightName":"WriteDacl","IsInherited":false},{"PrincipalSID":"RELIA.COM-S-1-5-32-544","PrincipalType":"Group","RightName":"WriteOwner","IsInherited":false},{"PrincipalSID":"RELIA.COM-S-1-5-32-544","PrincipalType":"Group","RightName":"GenericWrite","IsInherited":false},{"PrincipalSID":"S-1-5-21-3972710054-930304531-4277621697-512","PrincipalType":"Group","RightName":"WriteDacl","IsInherited":false},{"PrincipalSID":"S-1-5-21-3972710054-930304531-4277621697-512","PrincipalType":"Group","RightName":"WriteOwner","IsInherited":false},{"PrincipalSID":"S-1-5-21-3972710054-930304531-4277621697-512","PrincipalType":"Group","RightName":"GenericWrite","IsInherited":false},{"PrincipalSID":"S-1-5-21-3972710054-930304531-4277621697-519","PrincipalType":"Group","RightName":"WriteDacl","IsInherited":false},{"PrincipalSID":"S-1-5-21-3972710054-930304531-4277621697-519","PrincipalType":"Group","RightName":"WriteOwner","IsInherited":false},{"PrincipalSID":"S-1-5-21-3972710054-930304531-4277621697-519","PrincipalType":"Group","RightName":"GenericWrite","IsInherited":false}],"ObjectIdentifier":"S-1-5-21-3972710054-930304531-4277621697-527","IsDeleted":false,"IsACLProtected":true},{"Properties":{"domain":"RELIA.COM","name":"DNSUPDATEPROXY@RELIA.COM","distinguishedname":"CN=DNSUPDATEPROXY,CN=USERS,DC=RELIA,DC=COM","domainsid":"S-1-5-21-3972710054-930304531-4277621697","highvalue":false,"samaccountname":"DnsUpdateProxy","description":"DNS clients who are permitted to perform dynamic updates on behalf of some other clients (such as DHCP servers).","whencreated":1665984311,"admincount":false},"Members":[],"Aces":[{"PrincipalSID":"RELIA.COM-S-1-5-32-548","PrincipalType":"Group","RightName":"GenericAll","IsInherited":false},{"PrincipalSID":"S-1-5-21-3972710054-930304531-4277621697-512","PrincipalType":"Group","RightName":"GenericAll","IsInherited":false},{"PrincipalSID":"S-1-5-21-3972710054-930304531-4277621697-519","PrincipalType":"Group","RightName":"GenericAll","IsInherited":true},{"PrincipalSID":"RELIA.COM-S-1-5-32-544","PrincipalType":"Group","RightName":"WriteDacl","IsInherited":true},{"PrincipalSID":"RELIA.COM-S-1-5-32-544","PrincipalType":"Group","RightName":"WriteOwner","IsInherited":true},{"PrincipalSID":"RELIA.COM-S-1-5-32-544","PrincipalType":"Group","RightName":"GenericWrite","IsInherited":true}],"ObjectIdentifier":"S-1-5-21-3972710054-930304531-4277621697-1102","IsDeleted":false,"IsACLProtected":false},{"Properties":{"domain":"RELIA.COM","name":"RDS ENDPOINT SERVERS@RELIA.COM","distinguishedname":"CN=RDS ENDPOINT SERVERS,CN=BUILTIN,DC=RELIA,DC=COM","domainsid":"S-1-5-21-3972710054-930304531-4277621697","highvalue":false,"samaccountname":"RDS Endpoint Servers","description":"Servers in this group run virtual machines and host sessions where users RemoteApp programs and personal virtual desktops run. This group needs to be populated on servers running RD Connection Broker. RD Session Host servers and RD Virtualization Host servers used in the deployment need to be in this group.","whencreated":1665984137,"admincount":false},"Members":[],"Aces":[{"PrincipalSID":"RELIA.COM-S-1-5-32-544","PrincipalType":"Group","RightName":"Owns","IsInherited":false},{"PrincipalSID":"RELIA.COM-S-1-5-32-548","PrincipalType":"Group","RightName":"GenericAll","IsInherited":false},{"PrincipalSID":"S-1-5-21-3972710054-930304531-4277621697-512","PrincipalType":"Group","RightName":"GenericAll","IsInherited":false},{"PrincipalSID":"S-1-5-21-3972710054-930304531-4277621697-519","PrincipalType":"Group","RightName":"GenericAll","IsInherited":true},{"PrincipalSID":"RELIA.COM-S-1-5-32-544","PrincipalType":"Group","RightName":"WriteDacl","IsInherited":true},{"PrincipalSID":"RELIA.COM-S-1-5-32-544","PrincipalType":"Group","RightName":"WriteOwner","IsInherited":true},{"PrincipalSID":"RELIA.COM-S-1-5-32-544","PrincipalType":"Group","RightName":"GenericWrite","IsInherited":true}],"ObjectIdentifier":"RELIA.COM-S-1-5-32-576","IsDeleted":false,"IsACLProtected":false},{"Properties":{"domain":"RELIA.COM","name":"DNSADMINS@RELIA.COM","distinguishedname":"CN=DNSADMINS,CN=USERS,DC=RELIA,DC=COM","domainsid":"S-1-5-21-3972710054-930304531-4277621697","highvalue":false,"samaccountname":"DnsAdmins","description":"DNS Administrators Group","whencreated":1665984311,"admincount":false},"Members":[],"Aces":[{"PrincipalSID":"RELIA.COM-S-1-5-32-548","PrincipalType":"Group","RightName":"GenericAll","IsInherited":false},{"PrincipalSID":"S-1-5-21-3972710054-930304531-4277621697-512","PrincipalType":"Group","RightName":"GenericAll","IsInherited":false},{"PrincipalSID":"S-1-5-21-3972710054-930304531-4277621697-519","PrincipalType":"Group","RightName":"GenericAll","IsInherited":true},{"PrincipalSID":"RELIA.COM-S-1-5-32-544","PrincipalType":"Group","RightName":"WriteDacl","IsInherited":true},{"PrincipalSID":"RELIA.COM-S-1-5-32-544","PrincipalType":"Group","RightName":"WriteOwner","IsInherited":true},{"PrincipalSID":"RELIA.COM-S-1-5-32-544","PrincipalType":"Group","RightName":"GenericWrite","IsInherited":true}],"ObjectIdentifier":"S-1-5-21-3972710054-930304531-4277621697-1101","IsDeleted":false,"IsACLProtected":false},{"Properties":{"domain":"RELIA.COM","name":"DOMAIN COMPUTERS@RELIA.COM","distinguishedname":"CN=DOMAIN COMPUTERS,CN=USERS,DC=RELIA,DC=COM","domainsid":"S-1-5-21-3972710054-930304531-4277621697","highvalue":false,"samaccountname":"Domain Computers","description":"All workstations and servers joined to the domain","whencreated":1665984271,"admincount":false},"Members":[],"Aces":[{"PrincipalSID":"S-1-5-21-3972710054-930304531-4277621697-512","PrincipalType":"Group","RightName":"Owns","IsInherited":false},{"PrincipalSID":"RELIA.COM-S-1-5-32-548","PrincipalType":"Group","RightName":"GenericAll","IsInherited":false},{"PrincipalSID":"S-1-5-21-3972710054-930304531-4277621697-512","PrincipalType":"Group","RightName":"GenericAll","IsInherited":false},{"PrincipalSID":"S-1-5-21-3972710054-930304531-4277621697-519","PrincipalType":"Group","RightName":"GenericAll","IsInherited":true},{"PrincipalSID":"RELIA.COM-S-1-5-32-544","PrincipalType":"Group","RightName":"WriteDacl","IsInherited":true},{"PrincipalSID":"RELIA.COM-S-1-5-32-544","PrincipalType":"Group","RightName":"WriteOwner","IsInherited":true},{"PrincipalSID":"RELIA.COM-S-1-5-32-544","PrincipalType":"Group","RightName":"GenericWrite","IsInherited":true}],"ObjectIdentifier":"S-1-5-21-3972710054-930304531-4277621697-515","IsDeleted":false,"IsACLProtected":false},{"Properties":{"domain":"RELIA.COM","name":"USERS@RELIA.COM","distinguishedname":"CN=USERS,CN=BUILTIN,DC=RELIA,DC=COM","domainsid":"S-1-5-21-3972710054-930304531-4277621697","highvalue":false,"samaccountname":"Users","description":"Users are prevented from making accidental or intentional system-wide changes and can run most applications","whencreated":1665984137,"admincount":false},"Members":[{"ObjectIdentifier":"S-1-5-21-3972710054-930304531-4277621697-513","ObjectType":"Group"},{"ObjectIdentifier":"RELIA.COM-S-1-5-11","ObjectType":"Group"},{"ObjectIdentifier":"RELIA.COM-S-1-5-4","ObjectType":"Group"}],"Aces":[{"PrincipalSID":"RELIA.COM-S-1-5-32-544","PrincipalType":"Group","RightName":"Owns","IsInherited":false},{"PrincipalSID":"RELIA.COM-S-1-5-32-548","PrincipalType":"Group","RightName":"GenericAll","IsInherited":false},{"PrincipalSID":"S-1-5-21-3972710054-930304531-4277621697-512","PrincipalType":"Group","RightName":"GenericAll","IsInherited":false},{"PrincipalSID":"S-1-5-21-3972710054-930304531-4277621697-519","PrincipalType":"Group","RightName":"GenericAll","IsInherited":true},{"PrincipalSID":"RELIA.COM-S-1-5-32-544","PrincipalType":"Group","RightName":"WriteDacl","IsInherited":true},{"PrincipalSID":"RELIA.COM-S-1-5-32-544","PrincipalType":"Group","RightName":"WriteOwner","IsInherited":true},{"PrincipalSID":"RELIA.COM-S-1-5-32-544","PrincipalType":"Group","RightName":"GenericWrite","IsInherited":true}],"ObjectIdentifier":"RELIA.COM-S-1-5-32-545","IsDeleted":false,"IsACLProtected":false},{"Properties":{"name":"AUTHENTICATED USERS@RELIA.COM","domainsid":"S-1-5-21-3972710054-930304531-4277621697","domain":"RELIA.COM"},"Members":[],"Aces":[],"ObjectIdentifier":"RELIA.COM-S-1-5-11","IsDeleted":false,"IsACLProtected":false},{"Properties":{"name":"INTERACTIVE@RELIA.COM","domainsid":"S-1-5-21-3972710054-930304531-4277621697","domain":"RELIA.COM"},"Members":[],"Aces":[],"ObjectIdentifier":"RELIA.COM-S-1-5-4","IsDeleted":false,"IsACLProtected":false},{"Properties":{"name":"ENTERPRISE DOMAIN CONTROLLERS@RELIA.COM","domainsid":"S-1-5-21-3972710054-930304531-4277621697","domain":"RELIA.COM"},"Members":[],"Aces":[],"ObjectIdentifier":"RELIA.COM-S-1-5-9","IsDeleted":false,"IsACLProtected":false},{"Properties":{"name":"EVERYONE@RELIA.COM","domainsid":"S-1-5-21-3972710054-930304531-4277621697","domain":"RELIA.COM"},"Members":[],"Aces":[],"ObjectIdentifier":"RELIA.COM-S-1-1-0","IsDeleted":false,"IsACLProtected":false},{"Properties":{"name":"INCOMING FOREST TRUST BUILDERS@RELIA.COM","domainsid":"S-1-5-21-3972710054-930304531-4277621697","domain":"RELIA.COM"},"Members":[],"Aces":[],"ObjectIdentifier":"RELIA.COM-S-1-5-32-557","IsDeleted":false,"IsACLProtected":false},{"Properties":{"name":"PRE-WINDOWS 2000 COMPATIBLE ACCESS@RELIA.COM","domainsid":"S-1-5-21-3972710054-930304531-4277621697","domain":"RELIA.COM"},"Members":[],"Aces":[],"ObjectIdentifier":"RELIA.COM-S-1-5-32-554","IsDeleted":false,"IsACLProtected":false},{"Properties":{"name":"ACCOUNT OPERATORS@RELIA.COM","domainsid":"S-1-5-21-3972710054-930304531-4277621697","domain":"RELIA.COM"},"Members":[],"Aces":[],"ObjectIdentifier":"RELIA.COM-S-1-5-32-548","IsDeleted":false,"IsACLProtected":false},{"Properties":{"name":"THIS ORGANIZATION @RELIA.COM","domainsid":"S-1-5-21-3972710054-930304531-4277621697","domain":"RELIA.COM"},"Members":[],"Aces":[],"ObjectIdentifier":"RELIA.COM-S-1-5-17","IsDeleted":false,"IsACLProtected":false},{"Properties":{"name":"PRINT OPERATORS@RELIA.COM","domainsid":"S-1-5-21-3972710054-930304531-4277621697","domain":"RELIA.COM"},"Members":[],"Aces":[],"ObjectIdentifier":"RELIA.COM-S-1-5-32-550","IsDeleted":false,"IsACLProtected":false},{"Properties":{"name":"ADMINISTRATORS@RELIA.COM","domainsid":"S-1-5-21-3972710054-930304531-4277621697","domain":"RELIA.COM"},"Members":[],"Aces":[],"ObjectIdentifier":"RELIA.COM-S-1-5-32-544","IsDeleted":false,"IsACLProtected":false},{"Properties":{"name":"WINDOWS AUTHORIZATION ACCESS GROUP@RELIA.COM","domainsid":"S-1-5-21-3972710054-930304531-4277621697","domain":"RELIA.COM"},"Members":[],"Aces":[],"ObjectIdentifier":"RELIA.COM-S-1-5-32-560","IsDeleted":false,"IsACLProtected":false},{"Properties":{"name":"TERMINAL SERVER LICENSE SERVERS@RELIA.COM","domainsid":"S-1-5-21-3972710054-930304531-4277621697","domain":"RELIA.COM"},"Members":[],"Aces":[],"ObjectIdentifier":"RELIA.COM-S-1-5-32-561","IsDeleted":false,"IsACLProtected":false},{"Properties":{"name":"ENTERPRISE DOMAIN CONTROLLERS@RELIA.COM","domainsid":"S-1-5-21-3972710054-930304531-4277621697","domain":"relia.com"},"Members":[{"ObjectIdentifier":"S-1-5-21-3972710054-930304531-4277621697-1000","ObjectType":"Computer"}],"Aces":[],"ObjectIdentifier":"RELIA.COM-S-1-5-9","IsDeleted":false,"IsACLProtected":false}],"meta":{"methods":29695,"type":"groups","count":65,"version":5}}