﻿{"data":[{"GPOChanges":{"LocalAdmins":[],"RemoteDesktopUsers":[],"DcomUsers":[],"PSRemoteUsers":[],"AffectedComputers":[{"ObjectIdentifier":"S-1-5-21-3972710054-930304531-4277621697-1000","ObjectType":"Computer"},{"ObjectIdentifier":"S-1-5-21-3972710054-930304531-4277621697-1119","ObjectType":"Computer"},{"ObjectIdentifier":"S-1-5-21-3972710054-930304531-4277621697-1120","ObjectType":"Computer"},{"ObjectIdentifier":"S-1-5-21-3972710054-930304531-4277621697-1121","ObjectType":"Computer"},{"ObjectIdentifier":"S-1-5-21-3972710054-930304531-4277621697-1122","ObjectType":"Computer"},{"ObjectIdentifier":"S-1-5-21-3972710054-930304531-4277621697-1125","ObjectType":"Computer"},{"ObjectIdentifier":"S-1-5-21-3972710054-930304531-4277621697-1126","ObjectType":"Computer"},{"ObjectIdentifier":"S-1-5-21-3972710054-930304531-4277621697-1127","ObjectType":"Computer"}]},"Properties":{"domain":"RELIA.COM","name":"RELIA.COM","distinguishedname":"DC=RELIA,DC=COM","domainsid":"S-1-5-21-3972710054-930304531-4277621697","highvalue":true,"description":null,"whencreated":1665984130,"functionallevel":"2016"},"ChildObjects":[{"ObjectIdentifier":"D6DB4C80-3D1E-4F54-84C0-04BD91459B1D","ObjectType":"Container"},{"ObjectIdentifier":"3CA1ACC8-09E7-4971-9A63-05BE73143276","ObjectType":"OU"},{"ObjectIdentifier":"F5DA6A40-B4CF-422F-BDF2-476747DC1648","ObjectType":"Container"},{"ObjectIdentifier":"66F585C1-6044-491A-95F4-87972C9F9535","ObjectType":"Container"},{"ObjectIdentifier":"78442AED-715B-483D-A1CA-4C655696F95D","ObjectType":"Container"}],"Trusts":[],"Links":[{"IsEnforced":false,"GUID":"A58206A4-DA15-46CF-9E6C-D925EAB51E28"}],"Aces":[{"PrincipalSID":"RELIA.COM-S-1-5-32-544","PrincipalType":"Group","RightName":"Owns","IsInherited":false},{"PrincipalSID":"RELIA.COM-S-1-5-32-544","PrincipalType":"Group","RightName":"WriteDacl","IsInherited":false},{"PrincipalSID":"RELIA.COM-S-1-5-32-544","PrincipalType":"Group","RightName":"WriteOwner","IsInherited":false},{"PrincipalSID":"RELIA.COM-S-1-5-32-544","PrincipalType":"Group","RightName":"AllExtendedRights","IsInherited":false},{"PrincipalSID":"S-1-5-21-3972710054-930304531-4277621697-512","PrincipalType":"Group","RightName":"WriteDacl","IsInherited":false},{"PrincipalSID":"S-1-5-21-3972710054-930304531-4277621697-512","PrincipalType":"Group","RightName":"WriteOwner","IsInherited":false},{"PrincipalSID":"S-1-5-21-3972710054-930304531-4277621697-512","PrincipalType":"Group","RightName":"AllExtendedRights","IsInherited":false},{"PrincipalSID":"S-1-5-21-3972710054-930304531-4277621697-519","PrincipalType":"Group","RightName":"GenericAll","IsInherited":false},{"PrincipalSID":"RELIA.COM-S-1-5-9","PrincipalType":"Group","RightName":"GetChanges","IsInherited":false},{"PrincipalSID":"RELIA.COM-S-1-5-9","PrincipalType":"Group","RightName":"GetChangesInFilteredSet","IsInherited":false},{"PrincipalSID":"RELIA.COM-S-1-5-32-544","PrincipalType":"Group","RightName":"GetChangesAll","IsInherited":false},{"PrincipalSID":"RELIA.COM-S-1-5-32-544","PrincipalType":"Group","RightName":"GetChanges","IsInherited":false},{"PrincipalSID":"RELIA.COM-S-1-5-32-544","PrincipalType":"Group","RightName":"GetChangesInFilteredSet","IsInherited":false},{"PrincipalSID":"S-1-5-21-3972710054-930304531-4277621697-498","PrincipalType":"Group","RightName":"GetChanges","IsInherited":false},{"PrincipalSID":"S-1-5-21-3972710054-930304531-4277621697-516","PrincipalType":"Group","RightName":"GetChangesAll","IsInherited":false}],"ObjectIdentifier":"S-1-5-21-3972710054-930304531-4277621697","IsDeleted":false,"IsACLProtected":false}],"meta":{"methods":29695,"type":"domains","count":1,"version":5}}