﻿{"data":[{"GPOChanges":{"LocalAdmins":[],"RemoteDesktopUsers":[],"DcomUsers":[],"PSRemoteUsers":[],"AffectedComputers":[{"ObjectIdentifier":"S-1-5-21-2610934713-1581164095-2706428072-1000","ObjectType":"Computer"},{"ObjectIdentifier":"S-1-5-21-2610934713-1581164095-2706428072-1103","ObjectType":"Computer"},{"ObjectIdentifier":"S-1-5-21-2610934713-1581164095-2706428072-1104","ObjectType":"Computer"}]},"Properties":{"domain":"OSCP.EXAM","name":"OSCP.EXAM","distinguishedname":"DC=OSCP,DC=EXAM","domainsid":"S-1-5-21-2610934713-1581164095-2706428072","highvalue":true,"description":null,"whencreated":1648194185,"functionallevel":"2016"},"ChildObjects":[{"ObjectIdentifier":"35996D22-28CE-416F-8823-A1E8F411087F","ObjectType":"OU"},{"ObjectIdentifier":"3045866E-4AA8-435B-8E7F-889D42AA36C6","ObjectType":"Container"},{"ObjectIdentifier":"1B412BAA-E7FF-4FAA-AFF3-93A853F46C69","ObjectType":"OU"},{"ObjectIdentifier":"9B8929A3-E05F-4CB4-A4C1-5AECD2A114F1","ObjectType":"OU"},{"ObjectIdentifier":"87578F26-6EEE-4F4D-99E7-145FABA30C72","ObjectType":"Container"},{"ObjectIdentifier":"DA401AA6-A105-42ED-B445-8A721EAB4249","ObjectType":"OU"},{"ObjectIdentifier":"922D7A86-4541-4A3D-BDFD-6BB5AE653024","ObjectType":"OU"},{"ObjectIdentifier":"39E84561-7CDA-4092-8E60-C39918BAF248","ObjectType":"Container"},{"ObjectIdentifier":"59C64E5C-A0CB-4A56-A660-A3D952FBFF58","ObjectType":"OU"},{"ObjectIdentifier":"A6AE8FEA-0A4E-452D-BB05-D2EC9659617E","ObjectType":"Container"}],"Trusts":[],"Links":[{"IsEnforced":false,"GUID":"29AEEFB6-FFAB-4FF3-932F-67F58E427AF1"}],"Aces":[{"PrincipalSID":"OSCP.EXAM-S-1-5-32-544","PrincipalType":"Group","RightName":"Owns","IsInherited":false},{"PrincipalSID":"OSCP.EXAM-S-1-5-32-544","PrincipalType":"Group","RightName":"WriteDacl","IsInherited":false},{"PrincipalSID":"OSCP.EXAM-S-1-5-32-544","PrincipalType":"Group","RightName":"WriteOwner","IsInherited":false},{"PrincipalSID":"OSCP.EXAM-S-1-5-32-544","PrincipalType":"Group","RightName":"AllExtendedRights","IsInherited":false},{"PrincipalSID":"S-1-5-21-2610934713-1581164095-2706428072-512","PrincipalType":"Group","RightName":"WriteDacl","IsInherited":false},{"PrincipalSID":"S-1-5-21-2610934713-1581164095-2706428072-512","PrincipalType":"Group","RightName":"WriteOwner","IsInherited":false},{"PrincipalSID":"S-1-5-21-2610934713-1581164095-2706428072-512","PrincipalType":"Group","RightName":"AllExtendedRights","IsInherited":false},{"PrincipalSID":"S-1-5-21-2610934713-1581164095-2706428072-519","PrincipalType":"Group","RightName":"GenericAll","IsInherited":false},{"PrincipalSID":"OSCP.EXAM-S-1-5-9","PrincipalType":"Group","RightName":"GetChanges","IsInherited":false},{"PrincipalSID":"OSCP.EXAM-S-1-5-9","PrincipalType":"Group","RightName":"GetChangesInFilteredSet","IsInherited":false},{"PrincipalSID":"OSCP.EXAM-S-1-5-32-544","PrincipalType":"Group","RightName":"GetChangesAll","IsInherited":false},{"PrincipalSID":"OSCP.EXAM-S-1-5-32-544","PrincipalType":"Group","RightName":"GetChanges","IsInherited":false},{"PrincipalSID":"OSCP.EXAM-S-1-5-32-544","PrincipalType":"Group","RightName":"GetChangesInFilteredSet","IsInherited":false},{"PrincipalSID":"S-1-5-21-2610934713-1581164095-2706428072-498","PrincipalType":"Group","RightName":"GetChanges","IsInherited":false},{"PrincipalSID":"S-1-5-21-2610934713-1581164095-2706428072-516","PrincipalType":"Group","RightName":"GetChangesAll","IsInherited":false}],"ObjectIdentifier":"S-1-5-21-2610934713-1581164095-2706428072","IsDeleted":false,"IsACLProtected":false}],"meta":{"methods":29695,"type":"domains","count":1,"version":5}}