﻿{"data":[{"Properties":{"domain":"OSCP.EXAM","name":"SOM@OSCP.EXAM","distinguishedname":"CN=SOM,CN=WMIPOLICY,CN=SYSTEM,DC=OSCP,DC=EXAM","domainsid":"S-1-5-21-2610934713-1581164095-2706428072","highvalue":false},"ChildObjects":[],"Aces":[{"PrincipalSID":"S-1-5-21-2610934713-1581164095-2706428072-512","PrincipalType":"Group","RightName":"Owns","IsInherited":false},{"PrincipalSID":"S-1-5-21-2610934713-1581164095-2706428072-512","PrincipalType":"Group","RightName":"GenericAll","IsInherited":false},{"PrincipalSID":"S-1-5-21-2610934713-1581164095-2706428072-519","PrincipalType":"Group","RightName":"GenericAll","IsInherited":false}],"ObjectIdentifier":"1094F4DD-0375-4198-B54E-BCE97FC3C779","IsDeleted":false,"IsACLProtected":true},{"Properties":{"domain":"OSCP.EXAM","name":"POLICYTEMPLATE@OSCP.EXAM","distinguishedname":"CN=POLICYTEMPLATE,CN=WMIPOLICY,CN=SYSTEM,DC=OSCP,DC=EXAM","domainsid":"S-1-5-21-2610934713-1581164095-2706428072","highvalue":false},"ChildObjects":[],"Aces":[{"PrincipalSID":"S-1-5-21-2610934713-1581164095-2706428072-512","PrincipalType":"Group","RightName":"Owns","IsInherited":false},{"PrincipalSID":"S-1-5-21-2610934713-1581164095-2706428072-512","PrincipalType":"Group","RightName":"WriteDacl","IsInherited":false},{"PrincipalSID":"S-1-5-21-2610934713-1581164095-2706428072-512","PrincipalType":"Group","RightName":"WriteOwner","IsInherited":false},{"PrincipalSID":"S-1-5-21-2610934713-1581164095-2706428072-519","PrincipalType":"Group","RightName":"GenericAll","IsInherited":true},{"PrincipalSID":"S-1-5-21-2610934713-1581164095-2706428072-512","PrincipalType":"Group","RightName":"GenericAll","IsInherited":true}],"ObjectIdentifier":"21DF848E-6AE5-4047-ACF0-DBAE4737EFA5","IsDeleted":false,"IsACLProtected":false},{"Properties":{"domain":"OSCP.EXAM","name":"WMIPOLICY@OSCP.EXAM","distinguishedname":"CN=WMIPOLICY,CN=SYSTEM,DC=OSCP,DC=EXAM","domainsid":"S-1-5-21-2610934713-1581164095-2706428072","highvalue":false},"ChildObjects":[],"Aces":[{"PrincipalSID":"S-1-5-21-2610934713-1581164095-2706428072-512","PrincipalType":"Group","RightName":"Owns","IsInherited":false},{"PrincipalSID":"S-1-5-21-2610934713-1581164095-2706428072-512","PrincipalType":"Group","RightName":"GenericAll","IsInherited":false},{"PrincipalSID":"S-1-5-21-2610934713-1581164095-2706428072-519","PrincipalType":"Group","RightName":"GenericAll","IsInherited":false}],"ObjectIdentifier":"3D104D5A-F428-4036-A03D-7327C107F8A3","IsDeleted":false,"IsACLProtected":true},{"Properties":{"domain":"OSCP.EXAM","name":"ADMINSDHOLDER@OSCP.EXAM","distinguishedname":"CN=ADMINSDHOLDER,CN=SYSTEM,DC=OSCP,DC=EXAM","domainsid":"S-1-5-21-2610934713-1581164095-2706428072","highvalue":false},"ChildObjects":[],"Aces":[{"PrincipalSID":"S-1-5-21-2610934713-1581164095-2706428072-512","PrincipalType":"Group","RightName":"Owns","IsInherited":false},{"PrincipalSID":"OSCP.EXAM-S-1-5-32-544","PrincipalType":"Group","RightName":"WriteDacl","IsInherited":false},{"PrincipalSID":"OSCP.EXAM-S-1-5-32-544","PrincipalType":"Group","RightName":"WriteOwner","IsInherited":false},{"PrincipalSID":"S-1-5-21-2610934713-1581164095-2706428072-512","PrincipalType":"Group","RightName":"WriteDacl","IsInherited":false},{"PrincipalSID":"S-1-5-21-2610934713-1581164095-2706428072-512","PrincipalType":"Group","RightName":"WriteOwner","IsInherited":false},{"PrincipalSID":"S-1-5-21-2610934713-1581164095-2706428072-519","PrincipalType":"Group","RightName":"WriteDacl","IsInherited":false},{"PrincipalSID":"S-1-5-21-2610934713-1581164095-2706428072-519","PrincipalType":"Group","RightName":"WriteOwner","IsInherited":false}],"ObjectIdentifier":"577AD48F-A8F0-4F2B-A4DA-E1A5BCB35DAA","IsDeleted":false,"IsACLProtected":true},{"Properties":{"domain":"OSCP.EXAM","name":"PROGRAM DATA@OSCP.EXAM","distinguishedname":"CN=PROGRAM DATA,DC=OSCP,DC=EXAM","domainsid":"S-1-5-21-2610934713-1581164095-2706428072","highvalue":false},"ChildObjects":[],"Aces":[{"PrincipalSID":"S-1-5-21-2610934713-1581164095-2706428072-512","PrincipalType":"Group","RightName":"Owns","IsInherited":false},{"PrincipalSID":"S-1-5-21-2610934713-1581164095-2706428072-512","PrincipalType":"Group","RightName":"GenericAll","IsInherited":false},{"PrincipalSID":"S-1-5-21-2610934713-1581164095-2706428072-519","PrincipalType":"Group","RightName":"GenericAll","IsInherited":true},{"PrincipalSID":"OSCP.EXAM-S-1-5-32-544","PrincipalType":"Group","RightName":"WriteDacl","IsInherited":true},{"PrincipalSID":"OSCP.EXAM-S-1-5-32-544","PrincipalType":"Group","RightName":"WriteOwner","IsInherited":true}],"ObjectIdentifier":"FA0FD4F4-F643-4295-9F44-6FB3DDD29825","IsDeleted":false,"IsACLProtected":false},{"Properties":{"domain":"OSCP.EXAM","name":"SYSTEM@OSCP.EXAM","distinguishedname":"CN=SYSTEM,DC=OSCP,DC=EXAM","domainsid":"S-1-5-21-2610934713-1581164095-2706428072","highvalue":false},"ChildObjects":[],"Aces":[{"PrincipalSID":"S-1-5-21-2610934713-1581164095-2706428072-512","PrincipalType":"Group","RightName":"Owns","IsInherited":false},{"PrincipalSID":"S-1-5-21-2610934713-1581164095-2706428072-512","PrincipalType":"Group","RightName":"WriteDacl","IsInherited":false},{"PrincipalSID":"S-1-5-21-2610934713-1581164095-2706428072-512","PrincipalType":"Group","RightName":"WriteOwner","IsInherited":false},{"PrincipalSID":"S-1-5-21-2610934713-1581164095-2706428072-519","PrincipalType":"Group","RightName":"GenericAll","IsInherited":true},{"PrincipalSID":"OSCP.EXAM-S-1-5-32-544","PrincipalType":"Group","RightName":"WriteDacl","IsInherited":true},{"PrincipalSID":"OSCP.EXAM-S-1-5-32-544","PrincipalType":"Group","RightName":"WriteOwner","IsInherited":true}],"ObjectIdentifier":"1441D770-E29D-44C9-B39E-494372F4573B","IsDeleted":false,"IsACLProtected":false},{"Properties":{"domain":"OSCP.EXAM","name":"PSPS@OSCP.EXAM","distinguishedname":"CN=PSPS,CN=SYSTEM,DC=OSCP,DC=EXAM","domainsid":"S-1-5-21-2610934713-1581164095-2706428072","highvalue":false},"ChildObjects":[],"Aces":[{"PrincipalSID":"S-1-5-21-2610934713-1581164095-2706428072-512","PrincipalType":"Group","RightName":"Owns","IsInherited":false},{"PrincipalSID":"S-1-5-21-2610934713-1581164095-2706428072-512","PrincipalType":"Group","RightName":"GenericAll","IsInherited":false},{"PrincipalSID":"S-1-5-21-2610934713-1581164095-2706428072-519","PrincipalType":"Group","RightName":"GenericAll","IsInherited":true},{"PrincipalSID":"OSCP.EXAM-S-1-5-32-544","PrincipalType":"Group","RightName":"WriteDacl","IsInherited":true},{"PrincipalSID":"OSCP.EXAM-S-1-5-32-544","PrincipalType":"Group","RightName":"WriteOwner","IsInherited":true}],"ObjectIdentifier":"03FFB543-CB00-4656-B263-E8F5526D310F","IsDeleted":false,"IsACLProtected":false},{"Properties":{"domain":"OSCP.EXAM","name":"MEETINGS@OSCP.EXAM","distinguishedname":"CN=MEETINGS,CN=SYSTEM,DC=OSCP,DC=EXAM","domainsid":"S-1-5-21-2610934713-1581164095-2706428072","highvalue":false},"ChildObjects":[],"Aces":[{"PrincipalSID":"S-1-5-21-2610934713-1581164095-2706428072-512","PrincipalType":"Group","RightName":"Owns","IsInherited":false},{"PrincipalSID":"S-1-5-21-2610934713-1581164095-2706428072-512","PrincipalType":"Group","RightName":"WriteDacl","IsInherited":false},{"PrincipalSID":"S-1-5-21-2610934713-1581164095-2706428072-512","PrincipalType":"Group","RightName":"WriteOwner","IsInherited":false},{"PrincipalSID":"S-1-5-21-2610934713-1581164095-2706428072-519","PrincipalType":"Group","RightName":"GenericAll","IsInherited":true},{"PrincipalSID":"OSCP.EXAM-S-1-5-32-544","PrincipalType":"Group","RightName":"WriteDacl","IsInherited":true},{"PrincipalSID":"OSCP.EXAM-S-1-5-32-544","PrincipalType":"Group","RightName":"WriteOwner","IsInherited":true}],"ObjectIdentifier":"ABCBD305-E1D4-4598-B5F9-621CDE590709","IsDeleted":false,"IsACLProtected":false},{"Properties":{"domain":"OSCP.EXAM","name":"WMIGPO@OSCP.EXAM","distinguishedname":"CN=WMIGPO,CN=WMIPOLICY,CN=SYSTEM,DC=OSCP,DC=EXAM","domainsid":"S-1-5-21-2610934713-1581164095-2706428072","highvalue":false},"ChildObjects":[],"Aces":[{"PrincipalSID":"S-1-5-21-2610934713-1581164095-2706428072-512","PrincipalType":"Group","RightName":"Owns","IsInherited":false},{"PrincipalSID":"S-1-5-21-2610934713-1581164095-2706428072-512","PrincipalType":"Group","RightName":"WriteDacl","IsInherited":false},{"PrincipalSID":"S-1-5-21-2610934713-1581164095-2706428072-512","PrincipalType":"Group","RightName":"WriteOwner","IsInherited":false},{"PrincipalSID":"S-1-5-21-2610934713-1581164095-2706428072-519","PrincipalType":"Group","RightName":"GenericAll","IsInherited":true},{"PrincipalSID":"S-1-5-21-2610934713-1581164095-2706428072-512","PrincipalType":"Group","RightName":"GenericAll","IsInherited":true}],"ObjectIdentifier":"0C6AF9F4-368C-44E0-BB2B-F4920C363C4E","IsDeleted":false,"IsACLProtected":false},{"Properties":{"domain":"OSCP.EXAM","name":"MICROSOFT@OSCP.EXAM","distinguishedname":"CN=MICROSOFT,CN=PROGRAM DATA,DC=OSCP,DC=EXAM","domainsid":"S-1-5-21-2610934713-1581164095-2706428072","highvalue":false},"ChildObjects":[],"Aces":[{"PrincipalSID":"S-1-5-21-2610934713-1581164095-2706428072-512","PrincipalType":"Group","RightName":"Owns","IsInherited":false},{"PrincipalSID":"S-1-5-21-2610934713-1581164095-2706428072-512","PrincipalType":"Group","RightName":"GenericAll","IsInherited":false},{"PrincipalSID":"S-1-5-21-2610934713-1581164095-2706428072-519","PrincipalType":"Group","RightName":"GenericAll","IsInherited":true},{"PrincipalSID":"OSCP.EXAM-S-1-5-32-544","PrincipalType":"Group","RightName":"WriteDacl","IsInherited":true},{"PrincipalSID":"OSCP.EXAM-S-1-5-32-544","PrincipalType":"Group","RightName":"WriteOwner","IsInherited":true}],"ObjectIdentifier":"C45BEF80-B2A7-4302-A073-BAF87D065EBF","IsDeleted":false,"IsACLProtected":false},{"Properties":{"domain":"OSCP.EXAM","name":"IP SECURITY@OSCP.EXAM","distinguishedname":"CN=IP SECURITY,CN=SYSTEM,DC=OSCP,DC=EXAM","domainsid":"S-1-5-21-2610934713-1581164095-2706428072","highvalue":false},"ChildObjects":[],"Aces":[{"PrincipalSID":"S-1-5-21-2610934713-1581164095-2706428072-512","PrincipalType":"Group","RightName":"Owns","IsInherited":false},{"PrincipalSID":"S-1-5-21-2610934713-1581164095-2706428072-512","PrincipalType":"Group","RightName":"WriteDacl","IsInherited":false},{"PrincipalSID":"S-1-5-21-2610934713-1581164095-2706428072-512","PrincipalType":"Group","RightName":"WriteOwner","IsInherited":false},{"PrincipalSID":"S-1-5-21-2610934713-1581164095-2706428072-519","PrincipalType":"Group","RightName":"GenericAll","IsInherited":true},{"PrincipalSID":"OSCP.EXAM-S-1-5-32-544","PrincipalType":"Group","RightName":"WriteDacl","IsInherited":true},{"PrincipalSID":"OSCP.EXAM-S-1-5-32-544","PrincipalType":"Group","RightName":"WriteOwner","IsInherited":true}],"ObjectIdentifier":"4E5570A3-51EC-4854-BD52-41D886BC802D","IsDeleted":false,"IsACLProtected":false},{"Properties":{"domain":"OSCP.EXAM","name":"POLICYTYPE@OSCP.EXAM","distinguishedname":"CN=POLICYTYPE,CN=WMIPOLICY,CN=SYSTEM,DC=OSCP,DC=EXAM","domainsid":"S-1-5-21-2610934713-1581164095-2706428072","highvalue":false},"ChildObjects":[],"Aces":[{"PrincipalSID":"S-1-5-21-2610934713-1581164095-2706428072-512","PrincipalType":"Group","RightName":"Owns","IsInherited":false},{"PrincipalSID":"S-1-5-21-2610934713-1581164095-2706428072-512","PrincipalType":"Group","RightName":"WriteDacl","IsInherited":false},{"PrincipalSID":"S-1-5-21-2610934713-1581164095-2706428072-512","PrincipalType":"Group","RightName":"WriteOwner","IsInherited":false},{"PrincipalSID":"S-1-5-21-2610934713-1581164095-2706428072-519","PrincipalType":"Group","RightName":"GenericAll","IsInherited":true},{"PrincipalSID":"S-1-5-21-2610934713-1581164095-2706428072-512","PrincipalType":"Group","RightName":"GenericAll","IsInherited":true}],"ObjectIdentifier":"A6225B64-73A7-4AA2-844E-128A2DE34938","IsDeleted":false,"IsACLProtected":false},{"Properties":{"domain":"OSCP.EXAM","name":"COMPARTITIONSETS@OSCP.EXAM","distinguishedname":"CN=COMPARTITIONSETS,CN=SYSTEM,DC=OSCP,DC=EXAM","domainsid":"S-1-5-21-2610934713-1581164095-2706428072","highvalue":false},"ChildObjects":[],"Aces":[{"PrincipalSID":"S-1-5-21-2610934713-1581164095-2706428072-512","PrincipalType":"Group","RightName":"Owns","IsInherited":false},{"PrincipalSID":"S-1-5-21-2610934713-1581164095-2706428072-512","PrincipalType":"Group","RightName":"WriteDacl","IsInherited":false},{"PrincipalSID":"S-1-5-21-2610934713-1581164095-2706428072-512","PrincipalType":"Group","RightName":"WriteOwner","IsInherited":false},{"PrincipalSID":"S-1-5-21-2610934713-1581164095-2706428072-519","PrincipalType":"Group","RightName":"GenericAll","IsInherited":true},{"PrincipalSID":"OSCP.EXAM-S-1-5-32-544","PrincipalType":"Group","RightName":"WriteDacl","IsInherited":true},{"PrincipalSID":"OSCP.EXAM-S-1-5-32-544","PrincipalType":"Group","RightName":"WriteOwner","IsInherited":true}],"ObjectIdentifier":"7B338930-1AA6-4A00-A668-31409065A01D","IsDeleted":false,"IsACLProtected":false},{"Properties":{"domain":"OSCP.EXAM","name":"POLICIES@OSCP.EXAM","distinguishedname":"CN=POLICIES,CN=SYSTEM,DC=OSCP,DC=EXAM","domainsid":"S-1-5-21-2610934713-1581164095-2706428072","highvalue":false},"ChildObjects":[],"Aces":[{"PrincipalSID":"S-1-5-21-2610934713-1581164095-2706428072-512","PrincipalType":"Group","RightName":"Owns","IsInherited":false},{"PrincipalSID":"S-1-5-21-2610934713-1581164095-2706428072-512","PrincipalType":"Group","RightName":"WriteDacl","IsInherited":false},{"PrincipalSID":"S-1-5-21-2610934713-1581164095-2706428072-512","PrincipalType":"Group","RightName":"WriteOwner","IsInherited":false},{"PrincipalSID":"S-1-5-21-2610934713-1581164095-2706428072-519","PrincipalType":"Group","RightName":"GenericAll","IsInherited":true},{"PrincipalSID":"OSCP.EXAM-S-1-5-32-544","PrincipalType":"Group","RightName":"WriteDacl","IsInherited":true},{"PrincipalSID":"OSCP.EXAM-S-1-5-32-544","PrincipalType":"Group","RightName":"WriteOwner","IsInherited":true}],"ObjectIdentifier":"F8D36BA6-3354-40E9-9E49-88263BEC078B","IsDeleted":false,"IsACLProtected":false},{"Properties":{"domain":"OSCP.EXAM","name":"RPCSERVICES@OSCP.EXAM","distinguishedname":"CN=RPCSERVICES,CN=SYSTEM,DC=OSCP,DC=EXAM","domainsid":"S-1-5-21-2610934713-1581164095-2706428072","highvalue":false},"ChildObjects":[],"Aces":[{"PrincipalSID":"S-1-5-21-2610934713-1581164095-2706428072-512","PrincipalType":"Group","RightName":"Owns","IsInherited":false},{"PrincipalSID":"S-1-5-21-2610934713-1581164095-2706428072-512","PrincipalType":"Group","RightName":"WriteDacl","IsInherited":false},{"PrincipalSID":"S-1-5-21-2610934713-1581164095-2706428072-512","PrincipalType":"Group","RightName":"WriteOwner","IsInherited":false},{"PrincipalSID":"S-1-5-21-2610934713-1581164095-2706428072-519","PrincipalType":"Group","RightName":"GenericAll","IsInherited":true},{"PrincipalSID":"OSCP.EXAM-S-1-5-32-544","PrincipalType":"Group","RightName":"WriteDacl","IsInherited":true},{"PrincipalSID":"OSCP.EXAM-S-1-5-32-544","PrincipalType":"Group","RightName":"WriteOwner","IsInherited":true}],"ObjectIdentifier":"A0647931-B4A1-492F-B640-93E3970C2AF8","IsDeleted":false,"IsACLProtected":false},{"Properties":{"domain":"OSCP.EXAM","name":"WINSOCKSERVICES@OSCP.EXAM","distinguishedname":"CN=WINSOCKSERVICES,CN=SYSTEM,DC=OSCP,DC=EXAM","domainsid":"S-1-5-21-2610934713-1581164095-2706428072","highvalue":false},"ChildObjects":[],"Aces":[{"PrincipalSID":"S-1-5-21-2610934713-1581164095-2706428072-512","PrincipalType":"Group","RightName":"Owns","IsInherited":false},{"PrincipalSID":"S-1-5-21-2610934713-1581164095-2706428072-512","PrincipalType":"Group","RightName":"WriteDacl","IsInherited":false},{"PrincipalSID":"S-1-5-21-2610934713-1581164095-2706428072-512","PrincipalType":"Group","RightName":"WriteOwner","IsInherited":false},{"PrincipalSID":"S-1-5-21-2610934713-1581164095-2706428072-519","PrincipalType":"Group","RightName":"GenericAll","IsInherited":true},{"PrincipalSID":"OSCP.EXAM-S-1-5-32-544","PrincipalType":"Group","RightName":"WriteDacl","IsInherited":true},{"PrincipalSID":"OSCP.EXAM-S-1-5-32-544","PrincipalType":"Group","RightName":"WriteOwner","IsInherited":true}],"ObjectIdentifier":"04303C10-A3E8-4CB6-896F-B2EB2538EA5E","IsDeleted":false,"IsACLProtected":false},{"Properties":{"domain":"OSCP.EXAM","name":"MANAGED SERVICE ACCOUNTS@OSCP.EXAM","distinguishedname":"CN=MANAGED SERVICE ACCOUNTS,DC=OSCP,DC=EXAM","domainsid":"S-1-5-21-2610934713-1581164095-2706428072","highvalue":false},"ChildObjects":[],"Aces":[{"PrincipalSID":"S-1-5-21-2610934713-1581164095-2706428072-512","PrincipalType":"Group","RightName":"Owns","IsInherited":false},{"PrincipalSID":"S-1-5-21-2610934713-1581164095-2706428072-512","PrincipalType":"Group","RightName":"WriteDacl","IsInherited":false},{"PrincipalSID":"S-1-5-21-2610934713-1581164095-2706428072-512","PrincipalType":"Group","RightName":"WriteOwner","IsInherited":false},{"PrincipalSID":"S-1-5-21-2610934713-1581164095-2706428072-519","PrincipalType":"Group","RightName":"GenericAll","IsInherited":true},{"PrincipalSID":"OSCP.EXAM-S-1-5-32-544","PrincipalType":"Group","RightName":"WriteDacl","IsInherited":true},{"PrincipalSID":"OSCP.EXAM-S-1-5-32-544","PrincipalType":"Group","RightName":"WriteOwner","IsInherited":true}],"ObjectIdentifier":"39E84561-7CDA-4092-8E60-C39918BAF248","IsDeleted":false,"IsACLProtected":false},{"Properties":{"domain":"OSCP.EXAM","name":"COMPARTITIONS@OSCP.EXAM","distinguishedname":"CN=COMPARTITIONS,CN=SYSTEM,DC=OSCP,DC=EXAM","domainsid":"S-1-5-21-2610934713-1581164095-2706428072","highvalue":false},"ChildObjects":[],"Aces":[{"PrincipalSID":"S-1-5-21-2610934713-1581164095-2706428072-512","PrincipalType":"Group","RightName":"Owns","IsInherited":false},{"PrincipalSID":"S-1-5-21-2610934713-1581164095-2706428072-512","PrincipalType":"Group","RightName":"WriteDacl","IsInherited":false},{"PrincipalSID":"S-1-5-21-2610934713-1581164095-2706428072-512","PrincipalType":"Group","RightName":"WriteOwner","IsInherited":false},{"PrincipalSID":"S-1-5-21-2610934713-1581164095-2706428072-519","PrincipalType":"Group","RightName":"GenericAll","IsInherited":true},{"PrincipalSID":"OSCP.EXAM-S-1-5-32-544","PrincipalType":"Group","RightName":"WriteDacl","IsInherited":true},{"PrincipalSID":"OSCP.EXAM-S-1-5-32-544","PrincipalType":"Group","RightName":"WriteOwner","IsInherited":true}],"ObjectIdentifier":"88059734-B189-409D-A579-D61530D7325E","IsDeleted":false,"IsACLProtected":false},{"Properties":{"domain":"OSCP.EXAM","name":"RAS AND IAS SERVERS ACCESS CHECK@OSCP.EXAM","distinguishedname":"CN=RAS AND IAS SERVERS ACCESS CHECK,CN=SYSTEM,DC=OSCP,DC=EXAM","domainsid":"S-1-5-21-2610934713-1581164095-2706428072","highvalue":false},"ChildObjects":[],"Aces":[{"PrincipalSID":"S-1-5-21-2610934713-1581164095-2706428072-512","PrincipalType":"Group","RightName":"Owns","IsInherited":false},{"PrincipalSID":"S-1-5-21-2610934713-1581164095-2706428072-553","PrincipalType":"Group","RightName":"WriteDacl","IsInherited":false},{"PrincipalSID":"S-1-5-21-2610934713-1581164095-2706428072-553","PrincipalType":"Group","RightName":"WriteOwner","IsInherited":false},{"PrincipalSID":"S-1-5-21-2610934713-1581164095-2706428072-519","PrincipalType":"Group","RightName":"GenericAll","IsInherited":true},{"PrincipalSID":"OSCP.EXAM-S-1-5-32-544","PrincipalType":"Group","RightName":"WriteDacl","IsInherited":true},{"PrincipalSID":"OSCP.EXAM-S-1-5-32-544","PrincipalType":"Group","RightName":"WriteOwner","IsInherited":true}],"ObjectIdentifier":"9F6321DB-4CD5-452D-BE12-A1DFA233093B","IsDeleted":false,"IsACLProtected":false},{"Properties":{"domain":"OSCP.EXAM","name":"FOREIGNSECURITYPRINCIPALS@OSCP.EXAM","distinguishedname":"CN=FOREIGNSECURITYPRINCIPALS,DC=OSCP,DC=EXAM","domainsid":"S-1-5-21-2610934713-1581164095-2706428072","highvalue":false},"ChildObjects":[],"Aces":[{"PrincipalSID":"S-1-5-21-2610934713-1581164095-2706428072-512","PrincipalType":"Group","RightName":"Owns","IsInherited":false},{"PrincipalSID":"S-1-5-21-2610934713-1581164095-2706428072-512","PrincipalType":"Group","RightName":"GenericAll","IsInherited":false},{"PrincipalSID":"S-1-5-21-2610934713-1581164095-2706428072-519","PrincipalType":"Group","RightName":"GenericAll","IsInherited":true},{"PrincipalSID":"OSCP.EXAM-S-1-5-32-544","PrincipalType":"Group","RightName":"WriteDacl","IsInherited":true},{"PrincipalSID":"OSCP.EXAM-S-1-5-32-544","PrincipalType":"Group","RightName":"WriteOwner","IsInherited":true}],"ObjectIdentifier":"87578F26-6EEE-4F4D-99E7-145FABA30C72","IsDeleted":false,"IsACLProtected":false},{"Properties":{"domain":"OSCP.EXAM","name":"COMPUTERS@OSCP.EXAM","distinguishedname":"CN=COMPUTERS,DC=OSCP,DC=EXAM","domainsid":"S-1-5-21-2610934713-1581164095-2706428072","highvalue":false},"ChildObjects":[{"ObjectIdentifier":"S-1-5-21-2610934713-1581164095-2706428072-1104","ObjectType":"Computer"},{"ObjectIdentifier":"S-1-5-21-2610934713-1581164095-2706428072-1103","ObjectType":"Computer"}],"Aces":[{"PrincipalSID":"S-1-5-21-2610934713-1581164095-2706428072-512","PrincipalType":"Group","RightName":"Owns","IsInherited":false},{"PrincipalSID":"S-1-5-21-2610934713-1581164095-2706428072-512","PrincipalType":"Group","RightName":"WriteDacl","IsInherited":false},{"PrincipalSID":"S-1-5-21-2610934713-1581164095-2706428072-512","PrincipalType":"Group","RightName":"WriteOwner","IsInherited":false},{"PrincipalSID":"S-1-5-21-2610934713-1581164095-2706428072-519","PrincipalType":"Group","RightName":"GenericAll","IsInherited":true},{"PrincipalSID":"OSCP.EXAM-S-1-5-32-544","PrincipalType":"Group","RightName":"WriteDacl","IsInherited":true},{"PrincipalSID":"OSCP.EXAM-S-1-5-32-544","PrincipalType":"Group","RightName":"WriteOwner","IsInherited":true}],"ObjectIdentifier":"3045866E-4AA8-435B-8E7F-889D42AA36C6","IsDeleted":false,"IsACLProtected":false},{"Properties":{"domain":"OSCP.EXAM","name":"USERS@OSCP.EXAM","distinguishedname":"CN=USERS,DC=OSCP,DC=EXAM","domainsid":"S-1-5-21-2610934713-1581164095-2706428072","highvalue":false},"ChildObjects":[{"ObjectIdentifier":"S-1-5-21-2610934713-1581164095-2706428072-1601","ObjectType":"Group"},{"ObjectIdentifier":"S-1-5-21-2610934713-1581164095-2706428072-500","ObjectType":"User"},{"ObjectIdentifier":"S-1-5-21-2610934713-1581164095-2706428072-571","ObjectType":"Group"},{"ObjectIdentifier":"S-1-5-21-2610934713-1581164095-2706428072-1105","ObjectType":"User"},{"ObjectIdentifier":"S-1-5-21-2610934713-1581164095-2706428072-517","ObjectType":"Group"},{"ObjectIdentifier":"S-1-5-21-2610934713-1581164095-2706428072-522","ObjectType":"Group"},{"ObjectIdentifier":"S-1-5-21-2610934713-1581164095-2706428072-572","ObjectType":"Group"},{"ObjectIdentifier":"S-1-5-21-2610934713-1581164095-2706428072-1101","ObjectType":"Group"},{"ObjectIdentifier":"S-1-5-21-2610934713-1581164095-2706428072-1102","ObjectType":"Group"},{"ObjectIdentifier":"S-1-5-21-2610934713-1581164095-2706428072-512","ObjectType":"Group"},{"ObjectIdentifier":"S-1-5-21-2610934713-1581164095-2706428072-515","ObjectType":"Group"},{"ObjectIdentifier":"S-1-5-21-2610934713-1581164095-2706428072-516","ObjectType":"Group"},{"ObjectIdentifier":"S-1-5-21-2610934713-1581164095-2706428072-514","ObjectType":"Group"},{"ObjectIdentifier":"S-1-5-21-2610934713-1581164095-2706428072-513","ObjectType":"Group"},{"ObjectIdentifier":"S-1-5-21-2610934713-1581164095-2706428072-519","ObjectType":"Group"},{"ObjectIdentifier":"S-1-5-21-2610934713-1581164095-2706428072-527","ObjectType":"Group"},{"ObjectIdentifier":"S-1-5-21-2610934713-1581164095-2706428072-498","ObjectType":"Group"},{"ObjectIdentifier":"S-1-5-21-2610934713-1581164095-2706428072-1607","ObjectType":"Group"},{"ObjectIdentifier":"S-1-5-21-2610934713-1581164095-2706428072-520","ObjectType":"Group"},{"ObjectIdentifier":"S-1-5-21-2610934713-1581164095-2706428072-501","ObjectType":"User"},{"ObjectIdentifier":"S-1-5-21-2610934713-1581164095-2706428072-1613","ObjectType":"Group"},{"ObjectIdentifier":"S-1-5-21-2610934713-1581164095-2706428072-1617","ObjectType":"Group"},{"ObjectIdentifier":"S-1-5-21-2610934713-1581164095-2706428072-526","ObjectType":"Group"},{"ObjectIdentifier":"S-1-5-21-2610934713-1581164095-2706428072-502","ObjectType":"User"},{"ObjectIdentifier":"S-1-5-21-2610934713-1581164095-2706428072-1621","ObjectType":"Group"},{"ObjectIdentifier":"S-1-5-21-2610934713-1581164095-2706428072-525","ObjectType":"Group"},{"ObjectIdentifier":"S-1-5-21-2610934713-1581164095-2706428072-553","ObjectType":"Group"},{"ObjectIdentifier":"S-1-5-21-2610934713-1581164095-2706428072-521","ObjectType":"Group"},{"ObjectIdentifier":"S-1-5-21-2610934713-1581164095-2706428072-518","ObjectType":"Group"},{"ObjectIdentifier":"S-1-5-21-2610934713-1581164095-2706428072-2601","ObjectType":"User"},{"ObjectIdentifier":"S-1-5-21-2610934713-1581164095-2706428072-1108","ObjectType":"User"},{"ObjectIdentifier":"S-1-5-21-2610934713-1581164095-2706428072-1106","ObjectType":"User"},{"ObjectIdentifier":"S-1-5-21-2610934713-1581164095-2706428072-2606","ObjectType":"User"}],"Aces":[{"PrincipalSID":"S-1-5-21-2610934713-1581164095-2706428072-512","PrincipalType":"Group","RightName":"Owns","IsInherited":false},{"PrincipalSID":"S-1-5-21-2610934713-1581164095-2706428072-512","PrincipalType":"Group","RightName":"WriteDacl","IsInherited":false},{"PrincipalSID":"S-1-5-21-2610934713-1581164095-2706428072-512","PrincipalType":"Group","RightName":"WriteOwner","IsInherited":false},{"PrincipalSID":"S-1-5-21-2610934713-1581164095-2706428072-519","PrincipalType":"Group","RightName":"GenericAll","IsInherited":true},{"PrincipalSID":"OSCP.EXAM-S-1-5-32-544","PrincipalType":"Group","RightName":"WriteDacl","IsInherited":true},{"PrincipalSID":"OSCP.EXAM-S-1-5-32-544","PrincipalType":"Group","RightName":"WriteOwner","IsInherited":true}],"ObjectIdentifier":"A6AE8FEA-0A4E-452D-BB05-D2EC9659617E","IsDeleted":false,"IsACLProtected":false}],"meta":{"methods":29695,"type":"containers","count":22,"version":5}}