﻿{"data":[{"Properties":{"domain":"OSCP.EXAM","name":"DEFAULT DOMAIN POLICY@OSCP.EXAM","distinguishedname":"CN={31B2F340-016D-11D2-945F-00C04FB984F9},CN=POLICIES,CN=SYSTEM,DC=OSCP,DC=EXAM","domainsid":"S-1-5-21-2610934713-1581164095-2706428072","highvalue":false,"description":null,"whencreated":1648194193,"gpcpath":"\\\\OSCP.EXAM\\SYSVOL\\OSCP.EXAM\\POLICIES\\{31B2F340-016D-11D2-945F-00C04FB984F9}"},"Aces":[{"PrincipalSID":"S-1-5-21-2610934713-1581164095-2706428072-512","PrincipalType":"Group","RightName":"Owns","IsInherited":false},{"PrincipalSID":"S-1-5-21-2610934713-1581164095-2706428072-512","PrincipalType":"Group","RightName":"WriteDacl","IsInherited":false},{"PrincipalSID":"S-1-5-21-2610934713-1581164095-2706428072-512","PrincipalType":"Group","RightName":"WriteOwner","IsInherited":false},{"PrincipalSID":"S-1-5-21-2610934713-1581164095-2706428072-512","PrincipalType":"Group","RightName":"GenericWrite","IsInherited":false},{"PrincipalSID":"S-1-5-21-2610934713-1581164095-2706428072-512","PrincipalType":"Group","RightName":"WriteDacl","IsInherited":false},{"PrincipalSID":"S-1-5-21-2610934713-1581164095-2706428072-512","PrincipalType":"Group","RightName":"WriteOwner","IsInherited":false},{"PrincipalSID":"S-1-5-21-2610934713-1581164095-2706428072-512","PrincipalType":"Group","RightName":"GenericWrite","IsInherited":false},{"PrincipalSID":"S-1-5-21-2610934713-1581164095-2706428072-519","PrincipalType":"Group","RightName":"WriteDacl","IsInherited":false},{"PrincipalSID":"S-1-5-21-2610934713-1581164095-2706428072-519","PrincipalType":"Group","RightName":"WriteOwner","IsInherited":false},{"PrincipalSID":"S-1-5-21-2610934713-1581164095-2706428072-519","PrincipalType":"Group","RightName":"GenericWrite","IsInherited":false}],"ObjectIdentifier":"29AEEFB6-FFAB-4FF3-932F-67F58E427AF1","IsDeleted":false,"IsACLProtected":true},{"Properties":{"domain":"OSCP.EXAM","name":"DEFAULT DOMAIN CONTROLLERS POLICY@OSCP.EXAM","distinguishedname":"CN={6AC1786C-016F-11D2-945F-00C04FB984F9},CN=POLICIES,CN=SYSTEM,DC=OSCP,DC=EXAM","domainsid":"S-1-5-21-2610934713-1581164095-2706428072","highvalue":false,"description":null,"whencreated":1648194193,"gpcpath":"\\\\OSCP.EXAM\\SYSVOL\\OSCP.EXAM\\POLICIES\\{6AC1786C-016F-11D2-945F-00C04FB984F9}"},"Aces":[{"PrincipalSID":"S-1-5-21-2610934713-1581164095-2706428072-512","PrincipalType":"Group","RightName":"Owns","IsInherited":false},{"PrincipalSID":"S-1-5-21-2610934713-1581164095-2706428072-512","PrincipalType":"Group","RightName":"WriteDacl","IsInherited":false},{"PrincipalSID":"S-1-5-21-2610934713-1581164095-2706428072-512","PrincipalType":"Group","RightName":"WriteOwner","IsInherited":false},{"PrincipalSID":"S-1-5-21-2610934713-1581164095-2706428072-512","PrincipalType":"Group","RightName":"GenericWrite","IsInherited":false},{"PrincipalSID":"S-1-5-21-2610934713-1581164095-2706428072-512","PrincipalType":"Group","RightName":"WriteDacl","IsInherited":false},{"PrincipalSID":"S-1-5-21-2610934713-1581164095-2706428072-512","PrincipalType":"Group","RightName":"WriteOwner","IsInherited":false},{"PrincipalSID":"S-1-5-21-2610934713-1581164095-2706428072-512","PrincipalType":"Group","RightName":"GenericWrite","IsInherited":false},{"PrincipalSID":"S-1-5-21-2610934713-1581164095-2706428072-519","PrincipalType":"Group","RightName":"WriteDacl","IsInherited":false},{"PrincipalSID":"S-1-5-21-2610934713-1581164095-2706428072-519","PrincipalType":"Group","RightName":"WriteOwner","IsInherited":false},{"PrincipalSID":"S-1-5-21-2610934713-1581164095-2706428072-519","PrincipalType":"Group","RightName":"GenericWrite","IsInherited":false}],"ObjectIdentifier":"9D7289CF-D32E-4B83-B152-9475209FBB3F","IsDeleted":false,"IsACLProtected":true}],"meta":{"methods":29695,"type":"gpos","count":2,"version":5}}