﻿{"data":[{"Properties":{"domain":"OSCP.EXAM","name":"MS02.OSCP.EXAM","distinguishedname":"CN=MS02,CN=COMPUTERS,DC=OSCP,DC=EXAM","domainsid":"S-1-5-21-2610934713-1581164095-2706428072","highvalue":false,"samaccountname":"MS02$","haslaps":false,"description":null,"whencreated":1648195434,"enabled":true,"unconstraineddelegation":false,"trustedtoauth":false,"lastlogon":1711958413,"lastlogontimestamp":1711955337,"pwdlastset":1711955337,"serviceprincipalnames":["WSMAN/MS02.oscp.exam","RestrictedKrbHost/MS02.oscp.exam","HOST/MS02.oscp.exam","WSMAN/MS02","RestrictedKrbHost/MS02","HOST/MS02"],"operatingsystem":"Windows 10 Pro","sidhistory":[]},"PrimaryGroupSID":"S-1-5-21-2610934713-1581164095-2706428072-515","AllowedToDelegate":[],"AllowedToAct":[],"HasSIDHistory":[],"Sessions":{"Results":[],"Collected":false,"FailureReason":"ERROR_ACCESS_DENIED"},"PrivilegedSessions":{"Results":[],"Collected":false,"FailureReason":"ERROR_ACCESS_DENIED"},"RegistrySessions":{"Results":[],"Collected":false,"FailureReason":"The network path was not found.\r\n"},"LocalAdmins":{"Results":[],"Collected":false,"FailureReason":"SAMRPCServerInit Failed"},"RemoteDesktopUsers":{"Results":[],"Collected":false,"FailureReason":"SAMRPCServerInit Failed"},"DcomUsers":{"Results":[],"Collected":false,"FailureReason":"SAMRPCServerInit Failed"},"PSRemoteUsers":{"Results":[],"Collected":false,"FailureReason":"SAMRPCServerInit Failed"},"Status":null,"Aces":[{"PrincipalSID":"S-1-5-21-2610934713-1581164095-2706428072-512","PrincipalType":"Group","RightName":"Owns","IsInherited":false},{"PrincipalSID":"OSCP.EXAM-S-1-5-32-548","PrincipalType":"Group","RightName":"GenericAll","IsInherited":false},{"PrincipalSID":"S-1-5-21-2610934713-1581164095-2706428072-512","PrincipalType":"Group","RightName":"GenericAll","IsInherited":false},{"PrincipalSID":"S-1-5-21-2610934713-1581164095-2706428072-526","PrincipalType":"Group","RightName":"AddKeyCredentialLink","IsInherited":true},{"PrincipalSID":"S-1-5-21-2610934713-1581164095-2706428072-527","PrincipalType":"Group","RightName":"AddKeyCredentialLink","IsInherited":true},{"PrincipalSID":"S-1-5-21-2610934713-1581164095-2706428072-519","PrincipalType":"Group","RightName":"GenericAll","IsInherited":true},{"PrincipalSID":"OSCP.EXAM-S-1-5-32-544","PrincipalType":"Group","RightName":"WriteDacl","IsInherited":true},{"PrincipalSID":"OSCP.EXAM-S-1-5-32-544","PrincipalType":"Group","RightName":"WriteOwner","IsInherited":true},{"PrincipalSID":"OSCP.EXAM-S-1-5-32-544","PrincipalType":"Group","RightName":"GenericWrite","IsInherited":true}],"ObjectIdentifier":"S-1-5-21-2610934713-1581164095-2706428072-1103","IsDeleted":false,"IsACLProtected":false},{"Properties":{"domain":"OSCP.EXAM","name":"MS01.OSCP.EXAM","distinguishedname":"CN=MS01,CN=COMPUTERS,DC=OSCP,DC=EXAM","domainsid":"S-1-5-21-2610934713-1581164095-2706428072","highvalue":false,"samaccountname":"MS01$","haslaps":false,"description":null,"whencreated":1648197103,"enabled":true,"unconstraineddelegation":false,"trustedtoauth":false,"lastlogon":1711958412,"lastlogontimestamp":1711955340,"pwdlastset":1711955340,"serviceprincipalnames":["WSMAN/MS01","WSMAN/MS01.oscp.exam","RestrictedKrbHost/MS01.oscp.exam","HOST/MS01.oscp.exam","RestrictedKrbHost/MS01","HOST/MS01"],"operatingsystem":"Windows 10 Pro","sidhistory":[]},"PrimaryGroupSID":"S-1-5-21-2610934713-1581164095-2706428072-515","AllowedToDelegate":[],"AllowedToAct":[],"HasSIDHistory":[],"Sessions":{"Results":[],"Collected":true,"FailureReason":null},"PrivilegedSessions":{"Results":[],"Collected":true,"FailureReason":null},"RegistrySessions":{"Results":[],"Collected":false,"FailureReason":"The network path was not found.\r\n"},"LocalAdmins":{"Results":[{"ObjectIdentifier":"S-1-5-21-2610934713-1581164095-2706428072-512","ObjectType":"Group"}],"Collected":true,"FailureReason":null},"RemoteDesktopUsers":{"Results":[],"Collected":true,"FailureReason":null},"DcomUsers":{"Results":[],"Collected":true,"FailureReason":null},"PSRemoteUsers":{"Results":[],"Collected":true,"FailureReason":null},"Status":null,"Aces":[{"PrincipalSID":"S-1-5-21-2610934713-1581164095-2706428072-512","PrincipalType":"Group","RightName":"Owns","IsInherited":false},{"PrincipalSID":"OSCP.EXAM-S-1-5-32-548","PrincipalType":"Group","RightName":"GenericAll","IsInherited":false},{"PrincipalSID":"S-1-5-21-2610934713-1581164095-2706428072-512","PrincipalType":"Group","RightName":"GenericAll","IsInherited":false},{"PrincipalSID":"S-1-5-21-2610934713-1581164095-2706428072-526","PrincipalType":"Group","RightName":"AddKeyCredentialLink","IsInherited":true},{"PrincipalSID":"S-1-5-21-2610934713-1581164095-2706428072-527","PrincipalType":"Group","RightName":"AddKeyCredentialLink","IsInherited":true},{"PrincipalSID":"S-1-5-21-2610934713-1581164095-2706428072-519","PrincipalType":"Group","RightName":"GenericAll","IsInherited":true},{"PrincipalSID":"OSCP.EXAM-S-1-5-32-544","PrincipalType":"Group","RightName":"WriteDacl","IsInherited":true},{"PrincipalSID":"OSCP.EXAM-S-1-5-32-544","PrincipalType":"Group","RightName":"WriteOwner","IsInherited":true},{"PrincipalSID":"OSCP.EXAM-S-1-5-32-544","PrincipalType":"Group","RightName":"GenericWrite","IsInherited":true}],"ObjectIdentifier":"S-1-5-21-2610934713-1581164095-2706428072-1104","IsDeleted":false,"IsACLProtected":false},{"Properties":{"domain":"OSCP.EXAM","name":"DC01.OSCP.EXAM","distinguishedname":"CN=DC01,OU=DOMAIN CONTROLLERS,DC=OSCP,DC=EXAM","domainsid":"S-1-5-21-2610934713-1581164095-2706428072","highvalue":false,"samaccountname":"DC01$","haslaps":false,"description":null,"whencreated":1648194238,"enabled":true,"unconstraineddelegation":true,"trustedtoauth":false,"lastlogon":1711955320,"lastlogontimestamp":1711955312,"pwdlastset":1711955312,"serviceprincipalnames":["ldap/DC01/OSCP","HOST/DC01.oscp.exam/OSCP","ldap/DC01.oscp.exam/OSCP","HOST/DC01/OSCP","Dfsr-12F9A27C-BF97-4787-9364-D31B6C55EB04/DC01.oscp.exam","ldap/DC01.oscp.exam/DomainDnsZones.oscp.exam","ldap/DC01.oscp.exam/ForestDnsZones.oscp.exam","DNS/DC01.oscp.exam","GC/DC01.oscp.exam/oscp.exam","RestrictedKrbHost/DC01.oscp.exam","RestrictedKrbHost/DC01","RPC/6c44951c-a169-4708-85a7-b0dd912abbc3._msdcs.oscp.exam","HOST/DC01","HOST/DC01.oscp.exam","HOST/DC01.oscp.exam/oscp.exam","E3514235-4B06-11D1-AB04-00C04FC2DCD2/6c44951c-a169-4708-85a7-b0dd912abbc3/oscp.exam","ldap/6c44951c-a169-4708-85a7-b0dd912abbc3._msdcs.oscp.exam","ldap/DC01","ldap/DC01.oscp.exam","ldap/DC01.oscp.exam/oscp.exam"],"operatingsystem":"Windows Server 2019 Standard","sidhistory":[]},"PrimaryGroupSID":"S-1-5-21-2610934713-1581164095-2706428072-516","AllowedToDelegate":[],"AllowedToAct":[],"HasSIDHistory":[],"Sessions":{"Results":[],"Collected":false,"FailureReason":"ERROR_ACCESS_DENIED"},"PrivilegedSessions":{"Results":[],"Collected":false,"FailureReason":"ERROR_ACCESS_DENIED"},"RegistrySessions":{"Results":[],"Collected":true,"FailureReason":null},"LocalAdmins":{"Results":[{"ObjectIdentifier":"S-1-5-21-2610934713-1581164095-2706428072-500","ObjectType":"User"},{"ObjectIdentifier":"S-1-5-21-2610934713-1581164095-2706428072-519","ObjectType":"Group"},{"ObjectIdentifier":"S-1-5-21-2610934713-1581164095-2706428072-512","ObjectType":"Group"}],"Collected":true,"FailureReason":null},"RemoteDesktopUsers":{"Results":[],"Collected":true,"FailureReason":null},"DcomUsers":{"Results":[],"Collected":true,"FailureReason":null},"PSRemoteUsers":{"Results":[],"Collected":true,"FailureReason":null},"Status":null,"Aces":[{"PrincipalSID":"S-1-5-21-2610934713-1581164095-2706428072-512","PrincipalType":"Group","RightName":"Owns","IsInherited":false},{"PrincipalSID":"S-1-5-21-2610934713-1581164095-2706428072-512","PrincipalType":"Group","RightName":"GenericAll","IsInherited":false},{"PrincipalSID":"S-1-5-21-2610934713-1581164095-2706428072-526","PrincipalType":"Group","RightName":"AddKeyCredentialLink","IsInherited":true},{"PrincipalSID":"S-1-5-21-2610934713-1581164095-2706428072-527","PrincipalType":"Group","RightName":"AddKeyCredentialLink","IsInherited":true},{"PrincipalSID":"S-1-5-21-2610934713-1581164095-2706428072-519","PrincipalType":"Group","RightName":"GenericAll","IsInherited":true},{"PrincipalSID":"OSCP.EXAM-S-1-5-32-544","PrincipalType":"Group","RightName":"WriteDacl","IsInherited":true},{"PrincipalSID":"OSCP.EXAM-S-1-5-32-544","PrincipalType":"Group","RightName":"WriteOwner","IsInherited":true},{"PrincipalSID":"OSCP.EXAM-S-1-5-32-544","PrincipalType":"Group","RightName":"GenericWrite","IsInherited":true}],"ObjectIdentifier":"S-1-5-21-2610934713-1581164095-2706428072-1000","IsDeleted":false,"IsACLProtected":false}],"meta":{"methods":29695,"type":"computers","count":3,"version":5}}